,,,,,,,Playing Time,Playing Time,Playing Time,Playing Time,Performance,Performance,Performance,Performance,Performance,Performance,Performance,Per 90 Minutes,Per 90 Minutes,Per 90 Minutes,Per 90 Minutes,Per 90 Minutes,Expected,Expected,Expected,Expected,Per 90 Minutes,Per 90 Minutes,Per 90 Minutes,Per 90 Minutes,Per 90 Minutes,,-additional
Rk,Player,Nation,Pos,Squad,Age,Born,MP,Starts,Min,90s,Gls,Ast,G-PK,PK,PKatt,CrdY,CrdR,Gls,Ast,G+A,G-PK,G+A-PK,xG,npxG,xA,npxG+xA,xG,xA,xG+xA,npxG,npxG+xA,Matches,-9999
1,Brenden Aaronson,us USA,MFFW,Philadelphia,18,2000,28,25,1706,19,3,1,3,0,0,3,0,0.16,0.05,0.21,0.16,0.21,3.9,3.9,2.1,6,0.2,0.11,0.32,0.2,0.32,Matches,5bc43860
2,Saad Abdul-Salaam,us USA,DF,Seattle,27,1991,18,11,1067,11.9,0,0,0,0,0,2,0,0,0,0,0,0,0.1,0.1,0.8,0.9,0.01,0.07,0.08,0.01,0.08,Matches,4705543b
3,Lalas Abubakar,gh GHA,DF,Colorado Rapids,24,1994,22,22,1980,22,0,0,0,0,0,7,0,0,0,0,0,0,1.3,1.3,0.1,1.4,0.06,0,0.06,0.06,0.06,Matches,4a67f05b
4,Lalas Abubakar,gh GHA,DF,Columbus Crew,24,1994,1,1,90,1,0,0,0,0,0,0,0,0,0,0,0,0,0.2,0.2,0,0.2,0.19,0,0.19,0.19,0.19,Matches,4a67f05b
5,David Accam,gh GHA,FW,Philadelphia,28,1990,8,4,338,3.8,4,2,4,0,0,0,0,1.07,0.53,1.6,1.07,1.6,2.1,2.1,0.2,2.3,0.56,0.05,0.62,0.56,0.62,Matches,f5220ece
6,David Accam,gh GHA,FWMF,Columbus Crew,28,1990,15,8,667,7.4,2,1,2,0,0,1,0,0.27,0.13,0.4,0.27,0.4,1.2,1.2,1,2.2,0.16,0.13,0.3,0.16,0.3,Matches,f5220ece
7,Bryan Acosta,hn HON,MF,FC Dallas,25,1993,26,23,2073,23,2,1,2,0,0,12,0,0.09,0.04,0.13,0.09,0.13,2,2,2.2,4.2,0.09,0.09,0.18,0.09,0.18,Matches,c5f400f4
8,Danilo Acosta,hn HON,DF,Orlando City,21,1997,8,8,667,7.4,0,0,0,0,0,1,0,0,0,0,0,0,0.1,0.1,0.3,0.4,0.01,0.04,0.05,0.01,0.05,Matches,41f720a5
9,Kellyn Acosta,us USA,MF,Colorado Rapids,23,1995,31,30,2615,29.1,2,1,2,0,0,10,1,0.07,0.03,0.1,0.07,0.1,1.5,1.5,2.3,3.9,0.05,0.08,0.13,0.05,0.13,Matches,ece10cfe
10,Luciano Acosta,ar ARG,MFFW,D.C. United,24,1994,31,22,2122,23.6,6,1,6,0,0,0,1,0.25,0.04,0.3,0.25,0.3,4.3,4.3,2.8,7.2,0.18,0.12,0.3,0.18,0.3,Matches,363ba6d7
11,Mo Adams,eng ENG,DFMF,Atlanta Utd,22,1996,4,1,93,1,1,0,1,0,0,1,0,0.97,0,0.97,0.97,0.97,0.1,0.1,0.1,0.3,0.13,0.12,0.25,0.13,0.25,Matches,00362ef7
12,Mo Adams,eng ENG,MF,Chicago Fire,22,1996,10,5,487,5.4,0,0,0,0,0,4,0,0,0,0,0,0,0,0,0.4,0.4,0.01,0.08,0.09,0.01,0.09,Matches,00362ef7
13,Fanendo Adi,ng NGA,FW,FC Cincinnati,28,1990,12,7,700,7.8,1,0,1,0,0,1,0,0.13,0,0.13,0.13,0.13,3,3,0.1,3,0.38,0.01,0.39,0.38,0.39,Matches,ae2dd50a
14,Ali Adnan Kadhim,iq IRQ,DF,Vancouver,25,1993,28,28,2410,26.8,1,3,1,0,1,6,0,0.04,0.11,0.15,0.04,0.15,2.4,1.7,1.9,3.6,0.09,0.07,0.16,0.06,0.14,Matches,06050480
15,François Affolter,ch SUI,DF,San Jose,27,1991,1,1,90,1,0,0,0,0,0,0,0,0,0,0,0,0,0,0,0,0,0,0,0,0,0,Matches,3bab978e
16,Harrison Afful,gh GHA,DF,Columbus Crew,32,1986,22,22,1903,21.1,0,2,0,0,0,3,1,0,0.09,0.09,0,0.09,0.7,0.7,1.5,2.2,0.03,0.07,0.11,0.03,0.11,Matches,7d8ede09
17,Juan Agudelo,us USA,MFFW,New England,26,1992,28,21,1954,21.7,3,1,3,0,0,7,0,0.14,0.05,0.18,0.14,0.18,4.2,3.6,2.3,5.9,0.19,0.1,0.3,0.17,0.27,Matches,0cb2115f
18,Tesho Akindele,ca CAN,FW,Orlando City,26,1992,28,22,1875,20.8,10,1,10,0,0,1,0,0.48,0.05,0.53,0.48,0.53,8.9,8.9,1.7,10.6,0.43,0.08,0.51,0.43,0.51,Matches,897304e5
19,Ayo Akinola,ca CAN,FWMF,Toronto FC,19,2000,8,2,257,2.9,1,0,1,0,0,1,0,0.35,0,0.35,0.35,0.35,1.4,1.4,0.1,1.5,0.47,0.03,0.51,0.47,0.51,Matches,214d2406
20,Fatai Alashe,us USA,MFDF,FC Cincinnati,25,1993,11,4,438,4.9,1,0,1,0,0,2,0,0.21,0,0.21,0.21,0.21,0.5,0.5,0,0.5,0.1,0,0.1,0.1,0.1,Matches,eb67fa0a
21,Nazmi Albadawi,ps PLE,MF,FC Cincinnati,27,1991,1,0,10,0.1,0,0,0,0,0,0,0,0,0,0,0,0,0,0,0,0,0,0,0,0,0,Matches,dfa41593
22,Romain Alessandrini,fr FRA,FW,LA Galaxy,29,1989,5,5,277,3.1,0,0,0,0,0,1,0,0,0,0,0,0,0.5,0.5,0.3,0.9,0.17,0.1,0.28,0.17,0.28,Matches,7a7610d2
23,Eric Alexander,us USA,MFFW,FC Cincinnati,30,1988,6,4,313,3.5,0,1,0,0,0,0,0,0,0.29,0.29,0,0.29,0,0,0.3,0.3,0,0.08,0.08,0,0.08,Matches,717d12ec
24,Osvaldo Alonso,cu CUB,MF,Minnesota Utd,33,1985,27,27,2365,26.3,2,0,2,0,0,4,0,0.08,0,0.08,0.08,0.08,0.5,0.5,0.8,1.3,0.02,0.03,0.05,0.02,0.05,Matches,8449bfda
25,Jozy Altidore,us USA,FW,Toronto FC,29,1989,22,18,1688,18.8,11,5,11,0,0,4,0,0.59,0.27,0.85,0.59,0.85,8.9,8.9,2.8,11.7,0.47,0.15,0.62,0.47,0.62,Matches,8db8ad1e
26,Efrain Alvarez,mx MEX,MFFW,LA Galaxy,16,2002,14,4,523,5.8,0,3,0,0,0,2,1,0,0.52,0.52,0,0.52,0.6,0.6,0.9,1.5,0.09,0.16,0.26,0.09,0.26,Matches,3cd08ab7
27,Fabio Álvarez,ar ARG,MFFW,LA Galaxy,26,1993,18,16,1260,14,3,4,3,0,0,5,0,0.21,0.29,0.5,0.21,0.5,2.6,2.6,2.1,4.7,0.18,0.15,0.34,0.18,0.34,Matches,2aae3ff2
28,Quincy Amarikwa,us USA,FWMF,D.C. United,31,1987,23,3,429,4.8,1,0,1,0,0,3,0,0.21,0,0.21,0.21,0.21,1.3,1.3,0.5,1.8,0.27,0.11,0.38,0.27,0.38,Matches,6a9e4cc0
29,Frankie Amaya,us USA,MF,FC Cincinnati,18,2000,19,15,1238,13.8,0,0,0,0,0,2,0,0,0,0,0,0,0.7,0.7,1.5,2.1,0.05,0.11,0.15,0.05,0.15,Matches,2e8bd00c
30,Mikey Ambrose,us USA,DF,Atlanta Utd,25,1993,4,3,266,3,0,0,0,0,0,2,0,0,0,0,0,0,0,0,0.1,0.1,0,0.03,0.03,0,0.03,Matches,f649d6aa
31,Michael Amir Murillo,pa PAN,DF,NY Red Bulls,22,1996,22,18,1696,18.8,1,3,1,0,0,6,1,0.05,0.16,0.21,0.05,0.21,0.4,0.4,1.9,2.4,0.02,0.1,0.13,0.02,0.13,Matches,349cae8f
32,Sebastian Anderson,us USA,DFFW,Colorado Rapids,16,2002,6,5,314,3.5,1,0,1,0,0,1,1,0.29,0,0.29,0.29,0.29,0,0,0.1,0.2,0.01,0.04,0.04,0.01,0.04,Matches,3a9911ce
33,Jalil Anibaba,us USA,DF,New England,30,1988,22,19,1764,19.6,1,0,1,0,0,4,1,0.05,0,0.05,0.05,0.05,0.4,0.4,0.2,0.6,0.02,0.01,0.03,0.02,0.03,Matches,e44593b0
34,Uriel Antuna,mx MEX,FWMF,LA Galaxy,21,1997,31,29,2413,26.8,6,5,6,0,0,1,0,0.22,0.19,0.41,0.22,0.41,8.9,8.9,4.3,13.3,0.33,0.16,0.49,0.33,0.49,Matches,a35f5848
35,Pablo Aránguiz,cl CHI,MFFW,FC Dallas,21,1997,11,7,561,6.2,0,0,0,0,0,0,0,0,0,0,0,0,1.1,1.1,0.3,1.5,0.18,0.05,0.23,0.18,0.23,Matches,a14cf2e4
36,Julian Araujo,mx MEX,DFFW,LA Galaxy,17,2001,18,10,895,9.9,0,1,0,0,0,3,0,0,0.1,0.1,0,0.1,0.5,0.5,0.5,1.1,0.06,0.05,0.11,0.06,0.11,Matches,8f4541c2
37,Joaquín Ardaiz,uy URU,FW,Vancouver,20,1999,16,3,415,4.6,0,0,0,0,0,1,0,0,0,0,0,0,1.7,1.7,0.1,1.7,0.36,0.01,0.38,0.36,0.38,Matches,eb823875
38,Luis Argudo,us USA,FWMF,Columbus Crew,23,1995,21,10,1065,11.8,1,3,1,0,0,1,0,0.08,0.25,0.34,0.08,0.34,1.8,1.8,1.2,3,0.15,0.1,0.25,0.15,0.25,Matches,71e5d21d
39,Xavier Arreaga,ec ECU,DF,Seattle,24,1994,14,12,1119,12.4,0,0,0,0,0,5,2,0,0,0,0,0,0.1,0.1,0,0.2,0.01,0,0.01,0.01,0.01,Matches,7f2b7640
40,Luis Arriaga,us USA,MFDF,Real Salt Lake,18,2001,2,0,5,0.1,0,0,0,0,0,0,0,0,0,0,0,0,0,0,0,0,0,0,0,0,0,Matches,50e2ffdf
41,Paul Arriola,us USA,FWMF,D.C. United,23,1995,29,28,2425,26.9,6,2,6,0,0,6,1,0.22,0.07,0.3,0.22,0.3,5.9,5.9,3.4,9.3,0.22,0.13,0.35,0.22,0.35,Matches,1bb2acce
42,Artur,br BRA,MF,Columbus Crew,22,1996,30,28,2450,27.2,0,0,0,0,0,4,0,0,0,0,0,0,0.4,0.4,0.4,0.8,0.02,0.02,0.03,0.02,0.03,Matches,ea6803c7
43,Carlos Ascues,pe PER,MFDF,Orlando City,26,1992,17,14,1111,12.3,1,1,1,0,0,2,0,0.08,0.08,0.16,0.08,0.16,1.3,1.3,0.9,2.2,0.11,0.07,0.18,0.11,0.18,Matches,38851eb2
44,Dairon Asprilla,co COL,FWMF,Portland Timbers,26,1992,13,7,564,6.3,2,0,1,1,1,1,1,0.32,0,0.32,0.16,0.16,3.3,2.6,0.5,3.1,0.53,0.08,0.61,0.41,0.49,Matches,218d336c
45,Jeff Attinella,us USA,GK,Portland Timbers,30,1988,10,10,900,10,0,0,0,0,0,0,0,0,0,0,0,0,0,0,0,0,0,0,0,0,0,Matches,4277b946
46,Francis Atuahene,gh GHA,FW,FC Dallas,22,1996,1,0,27,0.3,1,0,1,0,0,0,0,3.33,0,3.33,3.33,3.33,0.1,0.1,0,0.1,0.3,0,0.3,0.3,0.3,Matches,34d8cfd4
47,Eduard Atuesta,co COL,MF,Los Angeles FC,21,1997,30,30,2631,29.2,3,8,3,0,0,8,0,0.1,0.27,0.38,0.1,0.38,2.6,2.6,4.7,7.3,0.09,0.16,0.25,0.09,0.25,Matches,60990b81
48,Auro,br BRA,DF,Toronto FC,23,1996,23,22,1883,20.9,0,3,0,0,0,0,0,0,0.14,0.14,0,0.14,0.2,0.2,3,3.3,0.01,0.15,0.16,0.01,0.16,Matches,b234cb0e
49,Micheal Azira,ug UGA,MF,Chicago Fire,31,1987,4,2,218,2.4,0,0,0,0,0,1,0,0,0,0,0,0,0.3,0.3,0.1,0.4,0.12,0.05,0.17,0.12,0.17,Matches,87c0db23
50,Micheal Azira,ug UGA,MF,Montreal Impact,31,1987,19,16,1444,16,0,1,0,0,0,3,0,0,0.06,0.06,0,0.06,0.6,0.6,0.7,1.3,0.04,0.04,0.08,0.04,0.08,Matches,87c0db23
51,Dominique Badji,sn SEN,FW,FC Dallas,26,1992,28,24,2029,22.5,6,3,6,0,0,6,0,0.27,0.13,0.4,0.27,0.4,7.5,7.5,2.1,9.7,0.33,0.09,0.43,0.33,0.43,Matches,758ac389
52,Theo Bair,ca CAN,FWMF,Vancouver,19,1999,17,10,822,9.1,2,2,2,0,0,1,0,0.22,0.22,0.44,0.22,0.44,1.8,1.8,0.7,2.5,0.2,0.07,0.27,0.2,0.27,Matches,c724745e
53,Corey Baird,us USA,FWMF,Real Salt Lake,23,1996,31,23,2098,23.3,5,3,5,0,0,6,0,0.21,0.13,0.34,0.21,0.34,3.5,3.5,1.9,5.4,0.15,0.08,0.23,0.15,0.23,Matches,2d0d1442
54,Lass Bangoura,gn GUI,FWMF,Vancouver,26,1992,17,7,634,7,1,1,1,0,0,1,0,0.14,0.14,0.28,0.14,0.28,0.3,0.3,0.8,1,0.04,0.11,0.15,0.04,0.15,Matches,740f39d4
55,Botond Baráth,hu HUN,DF,Sporting KC,26,1992,21,20,1748,19.4,1,0,1,0,0,6,0,0.05,0,0.05,0.05,0.05,1.1,1.1,0.4,1.5,0.06,0.02,0.08,0.06,0.08,Matches,40011a79
56,Ezequiel Barco,ar ARG,FWMF,Atlanta Utd,19,1999,15,11,975,10.8,4,2,4,0,0,1,0,0.37,0.18,0.55,0.37,0.55,3.3,3.3,2.5,5.8,0.3,0.23,0.53,0.3,0.53,Matches,7fa737c4
57,Tom Barlow,us USA,FW,NY Red Bulls,23,1995,12,8,602,6.7,3,0,3,0,0,0,0,0.45,0,0.45,0.45,0.45,3.2,3.2,0.4,3.6,0.49,0.06,0.54,0.49,0.54,Matches,da4821de
58,Michael Barrios,co COL,FW,FC Dallas,27,1991,32,31,2724,30.3,5,13,5,0,0,6,0,0.17,0.43,0.59,0.17,0.59,5.3,5.3,10.8,16.1,0.17,0.36,0.53,0.17,0.53,Matches,df782c79
59,Cole Bassett,us USA,MF,Colorado Rapids,17,2001,20,14,1059,11.8,2,1,2,0,0,1,0,0.17,0.08,0.25,0.17,0.25,1.9,1.9,0.9,2.8,0.16,0.07,0.23,0.16,0.23,Matches,2c8da8a1
60,Clement Bayiha,ca CAN,FWMF,Montreal Impact,19,1999,11,4,473,5.3,0,1,0,0,0,0,0,0,0.19,0.19,0,0.19,0.2,0.2,0.5,0.7,0.03,0.1,0.13,0.03,0.13,Matches,ca9f2034
61,DaMarcus Beasley,us USA,DF,Houston Dynamo,36,1982,12,12,1030,11.4,0,2,0,0,0,0,0,0,0.17,0.17,0,0.17,0.1,0.1,0.8,0.9,0.01,0.07,0.08,0.01,0.08,Matches,e4d6e7d9
62,Kyle Beckerman,us USA,MF,Real Salt Lake,36,1982,25,24,2127,23.6,0,4,0,0,0,9,0,0,0.17,0.17,0,0.17,0.5,0.5,0.4,0.9,0.02,0.02,0.04,0.02,0.04,Matches,3485cb96
63,Alejandro Bedoya,us USA,MF,Philadelphia,31,1987,32,32,2833,31.5,4,3,4,0,0,6,0,0.13,0.1,0.22,0.13,0.22,2.1,2.1,3.1,5.2,0.07,0.1,0.17,0.07,0.17,Matches,9a6f8dfd
64,Dan Bedoya,co COL,FW,NYCFC,24,1994,1,0,1,0,0,0,0,0,0,0,0,0,0,0,0,0,0,0,0,0,0,0,0,0,0,Matches,14828662
65,Steven Beitashour,ir IRN,DF,Los Angeles FC,31,1987,25,24,1875,20.8,1,2,1,0,0,3,0,0.05,0.1,0.14,0.05,0.14,1.1,1.1,1.6,2.8,0.05,0.08,0.13,0.05,0.13,Matches,64f1680a
66,Joe Bendik,us USA,GK,Columbus Crew,29,1989,6,6,540,6,0,0,0,0,0,0,0,0,0,0,0,0,0,0,0,0,0,0,0,0,0,Matches,c3e50b67
67,Nicolas Benezet,fr FRA,FWMF,Toronto FC,27,1991,8,5,438,4.9,2,0,2,0,0,2,0,0.41,0,0.41,0.41,0.41,2.2,2.2,0.2,2.4,0.45,0.04,0.5,0.45,0.5,Matches,30395d3b
68,Leonardo Bertone,ch SUI,MF,FC Cincinnati,24,1994,25,22,2056,22.8,1,1,1,0,0,9,0,0.04,0.04,0.09,0.04,0.09,0.9,0.9,1.5,2.5,0.04,0.07,0.11,0.04,0.11,Matches,2e06f387
69,Matt Besler,us USA,DF,Sporting KC,31,1987,27,25,2112,23.5,0,0,0,0,0,4,1,0,0,0,0,0,0.1,0.1,0.4,0.5,0,0.02,0.02,0,0.02,Matches,8393a973
70,Nick Besler,us USA,MF,Real Salt Lake,25,1993,17,7,734,8.2,1,1,1,0,0,4,0,0.12,0.12,0.25,0.12,0.25,0.9,0.9,0.7,1.6,0.11,0.08,0.19,0.11,0.19,Matches,cc9fa1a8
71,Vincent Bezecourt,fr FRA,MF,NY Red Bulls,25,1993,8,7,449,5,0,0,0,0,0,0,0,0,0,0,0,0,0.3,0.3,0.4,0.7,0.06,0.07,0.13,0.06,0.13,Matches,06545d47
72,David Bingham,us USA,GK,LA Galaxy,29,1989,33,33,2970,33,0,0,0,0,0,1,0,0,0,0,0,0,0,0,0.1,0.1,0,0,0,0,0,Matches,7fd42a85
73,Steve Birnbaum,us USA,DF,D.C. United,28,1991,34,34,3031,33.7,1,0,1,0,0,5,0,0.03,0,0.03,0.03,0.03,2,2,0.5,2.5,0.06,0.01,0.07,0.06,0.07,Matches,26637ac8
74,José Bizama,cl CHI,DF,Houston Dynamo,24,1994,5,4,354,3.9,0,0,0,0,0,1,0,0,0,0,0,0,0.1,0.1,0,0.1,0.02,0,0.02,0.02,0.02,Matches,fbcb25ab
75,Tristan Blackmon,us USA,DF,Los Angeles FC,22,1996,18,15,1378,15.3,1,4,1,0,0,3,0,0.07,0.26,0.33,0.07,0.33,0.7,0.7,1.7,2.4,0.05,0.11,0.16,0.05,0.16,Matches,7f35d14e
76,Andre Blake,jm JAM,GK,Philadelphia,28,1990,26,26,2303,25.6,0,0,0,0,0,1,0,0,0,0,0,0,0,0,0,0,0,0,0,0,0,Matches,b3b21a11
77,Sebastián Blanco,ar ARG,FWMF,Portland Timbers,30,1988,30,28,2507,27.9,6,10,6,0,0,8,0,0.22,0.36,0.57,0.22,0.57,6.6,6.6,9.5,16.2,0.24,0.34,0.58,0.24,0.58,Matches,4ddd0834
78,Latif Blessing,gh GHA,MFDF,Los Angeles FC,22,1996,34,29,2691,29.9,6,3,6,0,0,7,0,0.2,0.1,0.3,0.2,0.3,6.1,6.1,5.9,12,0.2,0.2,0.4,0.2,0.4,Matches,5153d32e
79,Johan Blomberg,se SWE,MFFW,Colorado Rapids,31,1987,3,1,88,1,0,0,0,0,0,2,1,0,0,0,0,0,0.1,0.1,0,0.1,0.06,0,0.06,0.06,0.06,Matches,b1794e60
80,Emmanuel Boateng,gh GHA,FWMF,LA Galaxy,25,1994,21,7,887,9.9,1,0,1,0,0,1,0,0.1,0,0.1,0.1,0.1,1.8,1.8,1.8,3.6,0.18,0.19,0.36,0.18,0.36,Matches,25f77a5f
81,Emmanuel Boateng,gh GHA,FWMF,D.C. United,25,1994,3,0,54,0.6,0,0,0,0,0,0,0,0,0,0,0,0,0,0,0,0,0,0.06,0.06,0,0.06,Matches,25f77a5f
82,Corben Bone,us USA,MFFW,FC Cincinnati,30,1988,6,2,187,2.1,0,0,0,0,0,0,0,0,0,0,0,0,0,0,0.5,0.5,0,0.24,0.24,0,0.24,Matches,5c98c6ce
83,Alex Bono,us USA,GK,Toronto FC,24,1994,7,6,556,6.2,0,0,0,0,0,0,0,0,0,0,0,0,0,0,0,0,0,0,0,0,0,Matches,aa28a396
84,Jonathan Bornstein,us USA,DF,Chicago Fire,34,1984,11,11,911,10.1,0,0,0,0,0,1,0,0,0,0,0,0,0.1,0.1,0.2,0.2,0.01,0.02,0.02,0.01,0.02,Matches,79a6c95f
85,Gustavo Bou,ar ARG,FWMF,New England,28,1990,14,13,1152,12.8,9,1,9,0,0,1,0,0.7,0.08,0.78,0.7,0.78,4.1,4.1,1.2,5.3,0.32,0.09,0.41,0.32,0.41,Matches,3dfcc735
86,Michael Boxall,nz NZL,DF,Minnesota Utd,30,1988,29,29,2576,28.6,2,0,2,0,0,3,0,0.07,0,0.07,0.07,0.07,1.3,1.3,0.4,1.6,0.04,0.01,0.06,0.04,0.06,Matches,6bfa0d3a
87,Terrence Boyd,us USA,FWMF,Toronto FC,27,1991,11,3,345,3.8,0,0,0,0,0,1,0,0,0,0,0,0,0.4,0.4,0,0.4,0.1,0,0.1,0.1,0.1,Matches,6e282452
88,Michael Bradley,us USA,MF,Toronto FC,31,1987,27,26,2373,26.4,3,1,3,0,0,4,0,0.11,0.04,0.15,0.11,0.15,2.3,2.3,1.2,3.5,0.09,0.04,0.13,0.09,0.13,Matches,fd5e3a73
89,Zachary Brault-Guillard,ca CAN,DF,Montreal Impact,20,1998,13,9,874,9.7,0,1,0,0,0,1,0,0,0.1,0.1,0,0.1,0.6,0.6,1.5,2.1,0.06,0.15,0.21,0.06,0.21,Matches,948a58c2
90,Bressan,br BRA,DF,FC Dallas,26,1993,18,12,1120,12.4,1,1,1,0,0,1,0,0.08,0.08,0.16,0.08,0.16,0.3,0.3,0.5,0.8,0.03,0.04,0.07,0.03,0.07,Matches,3db1684c
91,Shaft Brewer,us USA,DF,Los Angeles FC,19,1999,1,1,90,1,0,0,0,0,0,0,0,0,0,0,0,0,0,0,0,0,0.01,0,0.01,0.01,0.01,Matches,7fac343b
92,Frédéric Brillant,fr FRA,DF,D.C. United,33,1985,34,33,2959,32.9,2,1,2,0,0,5,0,0.06,0.03,0.09,0.06,0.09,2.9,2.9,0.6,3.5,0.09,0.02,0.11,0.09,0.11,Matches,5b14180f
93,Brandt Bronico,us USA,MFDF,Chicago Fire,23,1995,29,20,1866,20.7,1,2,1,0,0,2,0,0.05,0.1,0.14,0.05,0.14,0.6,0.6,1.9,2.6,0.03,0.09,0.12,0.03,0.12,Matches,bd4460b1
94,Omar Browne,pa PAN,FWMF,Montreal Impact,24,1994,10,5,564,6.3,2,1,2,0,0,1,0,0.32,0.16,0.48,0.32,0.48,1.3,1.3,1.1,2.4,0.2,0.18,0.38,0.2,0.38,Matches,7d47ee38
95,Will Bruin,us USA,FW,Seattle,29,1989,9,4,429,4.8,2,1,2,0,0,1,0,0.42,0.21,0.63,0.42,0.63,1.5,1.5,0,1.5,0.3,0.01,0.31,0.3,0.31,Matches,87a6ac29
96,Tajon Buchanan,ca CAN,MF,New England,19,1999,10,4,392,4.4,0,2,0,0,0,0,0,0,0.46,0.46,0,0.46,0.8,0.8,1.3,2.1,0.19,0.29,0.47,0.19,0.47,Matches,3aca6420
97,Rece Buckmaster,us USA,DF,NY Red Bulls,22,1996,6,6,540,6,0,0,0,0,0,1,0,0,0,0,0,0,0.1,0.1,0.3,0.4,0.02,0.06,0.07,0.02,0.07,Matches,6e0d9f17
98,Teal Bunbury,us USA,FWMF,New England,28,1990,32,25,2189,24.3,6,2,6,0,0,2,0,0.25,0.08,0.33,0.25,0.33,6.5,6.5,1.6,8.1,0.27,0.07,0.33,0.27,0.33,Matches,3077fce8
99,Cory Burke,jm JAM,FW,Philadelphia,27,1991,7,5,490,5.4,2,0,2,0,0,2,0,0.37,0,0.37,0.37,0.37,1.8,1.1,0.3,1.5,0.32,0.06,0.39,0.2,0.27,Matches,39fde61c
100,Evan Bush,us USA,GK,Montreal Impact,32,1986,32,32,2880,32,0,0,0,0,0,3,0,0,0,0,0,0,0,0,0,0,0,0,0,0,0,Matches,69a57596
101,Gianluca Busio,us USA,MF,Sporting KC,16,2002,22,10,928,10.3,3,1,3,0,0,1,0,0.29,0.1,0.39,0.29,0.39,4.2,4,0.7,4.7,0.41,0.07,0.48,0.39,0.46,Matches,4a0b7f07
102,Handwalla Bwana,so SOM,FWMF,Seattle,21,1997,15,6,572,6.4,1,1,1,0,0,1,0,0.16,0.16,0.31,0.16,0.31,0.8,0.8,1.3,2.1,0.13,0.2,0.33,0.13,0.33,Matches,b56080ee
103,Brandon Bye,us USA,DF,New England,23,1995,30,30,2655,29.5,2,2,2,0,0,6,1,0.07,0.07,0.14,0.07,0.14,1.6,1.6,2.7,4.2,0.05,0.09,0.14,0.05,0.14,Matches,9fcd12af
104,Víctor Cabrera,ar ARG,DF,Montreal Impact,25,1993,16,13,1180,13.1,0,0,0,0,0,2,0,0,0,0,0,0,0.3,0.3,0.1,0.4,0.02,0,0.03,0.02,0.03,Matches,2332941c
105,Luís Caicedo,co COL,MF,New England,22,1996,31,27,2354,26.2,0,0,-1,1,1,5,0,0,0,0,-0.04,-0.04,1.5,0.7,1,1.7,0.06,0.04,0.09,0.03,0.06,Matches,008ddeb9
106,Scott Caldwell,us USA,MF,New England,27,1991,20,12,1082,12,0,0,0,0,0,2,0,0,0,0,0,0,0.1,0.1,0.3,0.4,0.01,0.03,0.03,0.01,0.03,Matches,4a54592d
107,Alexander Callens,pe PER,DF,NYCFC,26,1992,24,24,2160,24,0,0,0,0,0,3,0,0,0,0,0,0,0.8,0.8,0.1,0.9,0.03,0.01,0.04,0.03,0.04,Matches,af34f10d
108,Eric Calvillo,sv SLV,MFDF,San Jose,21,1998,2,1,74,0.8,0,0,0,0,0,0,0,0,0,0,0,0,0,0,0,0,0,0,0,0,0,Matches,f984f68b
109,Francisco Calvo,cr CRC,DF,Chicago Fire,26,1992,23,21,1936,21.5,3,1,3,0,0,4,0,0.14,0.05,0.19,0.14,0.19,2.7,2.7,1.3,4,0.13,0.06,0.18,0.13,0.18,Matches,706bd23f
110,Francisco Calvo,cr CRC,DF,Minnesota Utd,26,1992,7,7,629,7,1,0,1,0,0,4,1,0.14,0,0.14,0.14,0.14,0.8,0.8,0.2,1.1,0.12,0.03,0.15,0.12,0.15,Matches,706bd23f
111,Rudy Camacho,fr FRA,DF,Montreal Impact,27,1991,17,16,1463,16.3,1,0,1,0,0,4,0,0.06,0,0.06,0.06,0.06,1.1,1.1,0.3,1.4,0.07,0.02,0.08,0.07,0.08,Matches,6ad16d47
112,Jonathan Campbell,us USA,DF,Seattle,25,1993,4,4,360,4,0,0,0,0,0,1,0,0,0,0,0,0,0,0,0,0,0,0,0,0,0,Matches,868a8f30
113,Diego Campos,cr CRC,DF,Chicago Fire,23,1995,10,5,440,4.9,0,0,0,0,0,1,0,0,0,0,0,0,0,0,0.2,0.2,0,0.05,0.06,0,0.06,Matches,fcfb671e
114,Reggie Cannon,us USA,DF,FC Dallas,20,1998,28,26,2268,25.2,1,1,1,0,0,7,0,0.04,0.04,0.08,0.04,0.08,0.5,0.5,1.6,2.2,0.02,0.06,0.09,0.02,0.09,Matches,ad9ffc7e
115,Russell Canouse,us USA,MFDF,D.C. United,23,1995,26,25,2146,23.8,0,0,0,0,0,5,0,0,0,0,0,0,0.5,0.5,0.3,0.9,0.02,0.01,0.04,0.02,0.04,Matches,ec730d9a
116,Andrew Carleton,us USA,MFFW,Atlanta Utd,18,2000,3,0,67,0.7,0,0,0,0,0,0,0,0,0,0,0,0,0,0,0,0,0.03,0,0.03,0.03,0.03,Matches,53b90314
117,Servando Carrasco,us USA,MF,LA Galaxy,30,1988,16,3,396,4.4,0,0,0,0,0,2,0,0,0,0,0,0,0,0,0.2,0.2,0,0.04,0.04,0,0.04,Matches,8e5cbc2b
118,Julio Cascante,cr CRC,DF,Portland Timbers,25,1993,22,16,1442,16,0,1,0,0,0,4,1,0,0.06,0.06,0,0.06,0.8,0.8,0.8,1.6,0.05,0.05,0.1,0.05,0.1,Matches,cc120b4f
119,Cristian Cásseres Jr.,ve VEN,MF,NY Red Bulls,19,2000,23,21,1797,20,3,3,3,0,0,5,0,0.15,0.15,0.3,0.15,0.3,1.7,1.7,2,3.7,0.09,0.1,0.19,0.09,0.19,Matches,f86fe8c1
120,Valentín Castellanos,ar ARG,FW,NYCFC,20,1998,30,23,2048,22.8,11,6,11,0,0,7,0,0.48,0.26,0.75,0.48,0.75,6.7,6.7,3,9.7,0.3,0.14,0.44,0.3,0.44,Matches,da76bab4
121,Edgar Castillo,us USA,DF,New England,32,1986,20,20,1689,18.8,0,5,0,0,0,2,0,0,0.27,0.27,0,0.27,0.6,0.6,2.1,2.7,0.03,0.11,0.14,0.03,0.14,Matches,3cdde01b
122,Emanuel Cecchini,ar ARG,MFFW,Seattle,22,1996,4,1,157,1.7,0,0,0,0,0,1,0,0,0,0,0,0,0.1,0.1,0.1,0.2,0.06,0.07,0.12,0.06,0.12,Matches,5c256395
123,Darwin Cerén,sv SLV,MF,Houston Dynamo,29,1989,13,5,536,6,1,0,1,0,0,1,0,0.17,0,0.17,0.17,0.17,0.2,0.2,0.3,0.5,0.03,0.05,0.08,0.03,0.08,Matches,a58de3f0
124,Edwin Cerrillo,us USA,MF,FC Dallas,18,2000,12,11,916,10.2,0,0,0,0,0,2,0,0,0,0,0,0,0.1,0.1,0.1,0.3,0.01,0.01,0.03,0.01,0.03,Matches,bd060315
125,Thomás Chacón,uy URU,FW,Minnesota Utd,18,2000,2,1,85,0.9,0,0,0,0,0,0,0,0,0,0,0,0,0.2,0.2,0,0.3,0.25,0.04,0.28,0.25,0.28,Matches,1f9a7dfc
126,Maxime Chanot,lu LUX,DF,NYCFC,29,1989,31,31,2790,31,0,0,0,0,0,11,0,0,0,0,0,0,0.7,0.7,0.2,0.9,0.02,0.01,0.03,0.02,0.03,Matches,ca366055
127,Jay Chapman,ca CAN,MFFW,Toronto FC,25,1994,17,5,529,5.9,2,2,2,0,0,1,0,0.34,0.34,0.68,0.34,0.68,0.6,0.6,1.4,2,0.11,0.23,0.34,0.11,0.34,Matches,3bb4d381
128,Diego Chará,co COL,MF,Portland Timbers,32,1986,30,29,2606,29,0,1,0,0,0,12,1,0,0.03,0.03,0,0.03,1.3,1.3,1.7,3,0.05,0.06,0.11,0.05,0.11,Matches,6260cc9d
129,Michaell Chirinos,hn HON,MFFW,Vancouver,23,1995,7,4,412,4.6,1,1,1,0,0,2,0,0.22,0.22,0.44,0.22,0.44,1.6,1.6,0.2,1.8,0.35,0.05,0.4,0.35,0.4,Matches,8ce9f558
130,Mathieu Choiniere,ca CAN,FWMF,Montreal Impact,19,1999,17,6,685,7.6,0,1,0,0,0,1,0,0,0.13,0.13,0,0.13,0.4,0.4,0.4,0.8,0.06,0.05,0.11,0.06,0.11,Matches,017459bb
131,Laurent Ciman,be BEL,DF,Toronto FC,33,1985,17,14,1264,14,0,0,0,0,0,3,0,0,0,0,0,0,0.4,0.4,0.4,0.8,0.03,0.03,0.06,0.03,0.06,Matches,5113d9a7
132,Ricardo Clark,us USA,MF,Columbus Crew,35,1983,7,4,361,4,0,0,0,0,0,0,0,0,0,0,0,0,0.2,0.2,0.1,0.3,0.05,0.04,0.09,0.05,0.09,Matches,1bf7f157
133,Steve Clark,us USA,GK,Portland Timbers,32,1986,24,24,2160,24,0,0,0,0,0,2,0,0,0,0,0,0,0,0,0,0,0,0,0,0,0,Matches,ed6320b7
134,Aurélien Collin,fr FRA,DF,Philadelphia,32,1986,6,6,529,5.9,0,0,0,0,0,2,0,0,0,0,0,0,0.7,0.7,0,0.7,0.11,0,0.11,0.11,0.11,Matches,a4631166
135,Josué Colmán,py PAR,FWMF,Orlando City,20,1998,8,1,160,1.8,0,1,0,0,0,0,0,0,0.56,0.56,0,0.56,0.1,0.1,0.6,0.8,0.08,0.34,0.43,0.08,0.43,Matches,9603d928
136,Tomás Conechny,ar ARG,FWMF,Portland Timbers,20,1998,16,2,356,4,1,2,1,0,0,2,0,0.25,0.51,0.76,0.25,0.76,1.3,1.3,1.6,2.8,0.33,0.39,0.72,0.33,0.72,Matches,f61143dd
137,Derek Cornelius,ca CAN,DF,Vancouver,21,1997,17,16,1425,15.8,1,0,1,0,0,4,0,0.06,0,0.06,0.06,0.06,0.8,0.8,0.2,1,0.05,0.01,0.06,0.05,0.06,Matches,577744b8
138,Joe Corona,us USA,MF,LA Galaxy,28,1990,31,26,2323,25.8,1,1,1,0,0,6,0,0.04,0.04,0.08,0.04,0.08,1.3,1.3,1.7,2.9,0.05,0.06,0.11,0.05,0.11,Matches,470cd24b
139,Carlos Coronel,br BRA,GK,Philadelphia,22,1996,4,3,320,3.6,0,0,0,0,0,0,0,0,0,0,0,0,0,0,0,0,0,0,0,0,0,Matches,5c07e176
140,Warren Creavalle,us USA,MF,Philadelphia,28,1990,13,5,369,4.1,0,1,0,0,0,0,0,0,0.24,0.24,0,0.24,0,0,0.7,0.7,0.01,0.16,0.17,0.01,0.17,Matches,ac4e49fa
141,Maxime Crépeau,ca CAN,GK,Vancouver,24,1994,26,26,2340,26,0,0,0,0,0,2,0,0,0,0,0,0,0,0,0,0,0,0,0,0,0,Matches,ea42e480
142,Alex Crognale,us USA,DF,Columbus Crew,24,1994,12,9,884,9.8,0,0,0,0,0,5,0,0,0,0,0,0,1,1,0,1,0.11,0,0.11,0.11,0.11,Matches,1169c5eb
143,Yohan Croizet,fr FRA,FWDF,Sporting KC,26,1992,20,12,1092,12.1,3,1,3,0,0,4,0,0.25,0.08,0.33,0.25,0.33,2.2,2.2,0.7,2.9,0.18,0.05,0.24,0.18,0.24,Matches,dc303a48
144,Cody Cropper,us USA,GK,New England,25,1993,7,7,630,7,0,0,0,0,0,1,0,0,0,0,0,0,0,0,0,0,0,0,0,0,0,Matches,aa133046
145,Allan Cruz,cr CRC,MFFW,FC Cincinnati,22,1996,22,21,1734,19.3,7,0,7,0,0,5,0,0.36,0,0.36,0.36,0.36,4.6,4.6,0.9,5.5,0.24,0.05,0.28,0.24,0.28,Matches,030105a5
146,Emil Cuello,us USA,MFFW,LA Galaxy,22,1997,9,2,195,2.2,0,2,0,0,0,1,0,0,0.92,0.92,0,0.92,0.2,0.2,0.9,1.1,0.12,0.39,0.51,0.12,0.51,Matches,d22a46b4
147,Harold Cummings,pa PAN,DF,San Jose,26,1992,16,16,1389,15.4,0,0,0,0,0,5,0,0,0,0,0,0,0.1,0.1,0.3,0.4,0,0.02,0.02,0,0.02,Matches,d3aa261b
148,Rashawn Dally,jm JAM,FW,FC Cincinnati,22,1997,12,8,544,6,1,0,1,0,0,0,0,0.17,0,0.17,0.17,0.17,1.1,1.1,0.4,1.5,0.18,0.07,0.25,0.18,0.25,Matches,4dc3ce03
149,Mario Daniel Vega,ar ARG,GK,San Jose,34,1984,34,34,3060,34,0,0,0,0,0,1,0,0,0,0,0,0,0,0,0,0,0,0,0,0,0,Matches,6904a59a
150,Abu Danladi,gh GHA,FWMF,Minnesota Utd,23,1995,24,4,718,8,2,2,2,0,0,3,0,0.25,0.25,0.5,0.25,0.5,2.2,2.2,1.5,3.7,0.28,0.19,0.47,0.28,0.47,Matches,507383d1
151,Juan David Cabezas,co COL,MF,Houston Dynamo,27,1991,15,5,538,6,1,0,1,0,0,4,0,0.17,0,0.17,0.17,0.17,0.3,0.3,0,0.3,0.05,0.01,0.05,0.05,0.05,Matches,4ea22d91
152,Sean Davis,us USA,MF,NY Red Bulls,25,1993,30,28,2557,28.4,0,1,0,0,0,0,0,0,0.04,0.04,0,0.04,0.6,0.6,1.5,2.1,0.02,0.05,0.07,0.02,0.07,Matches,cb75cac9
153,Alex DeJohn,us USA,DF,Orlando City,27,1991,6,6,403,4.5,0,0,0,0,0,1,0,0,0,0,0,0,0.1,0.1,0.1,0.2,0.02,0.02,0.04,0.02,0.04,Matches,2a6c024c
154,A.J. DeLaGarza,gu GUM,DF,Houston Dynamo,31,1987,23,23,1991,22.1,0,1,0,0,0,5,0,0,0.05,0.05,0,0.05,0.2,0.2,0.5,0.8,0.01,0.02,0.03,0.01,0.03,Matches,171b3c37
155,Antonio Delamea Mlinar,si SVN,DF,New England,27,1991,17,16,1366,15.2,2,1,2,0,0,7,1,0.13,0.07,0.2,0.13,0.2,1.2,1.2,0.1,1.2,0.08,0,0.08,0.08,0.08,Matches,31a14bb4
156,Jordy Delem,mq MTQ,MF,Seattle,25,1993,23,17,1437,16,0,0,0,0,0,4,0,0,0,0,0,0,0.4,0.4,0,0.5,0.03,0,0.03,0.03,0.03,Matches,12e3a5f4
157,Nick DeLeon,us USA,MFFW,Toronto FC,28,1990,32,23,1853,20.6,6,1,6,0,0,2,0,0.29,0.05,0.34,0.29,0.34,4.3,4.3,2.6,6.9,0.21,0.12,0.33,0.21,0.33,Matches,21490b0d
158,Marky Delgado,us USA,MF,Toronto FC,23,1995,30,29,2548,28.3,2,5,2,0,0,4,0,0.07,0.18,0.25,0.07,0.25,2.6,2.6,3.8,6.4,0.09,0.13,0.22,0.09,0.22,Matches,7f6a25b7
159,Mathieu Deplagne,fr FRA,DF,FC Cincinnati,27,1991,33,33,2875,31.9,1,1,1,0,0,4,0,0.03,0.03,0.06,0.03,0.06,2.4,2.4,1,3.4,0.07,0.03,0.11,0.07,0.11,Matches,ff16ecad
160,Maikel van der Werff,nl NED,DF,FC Cincinnati,29,1989,11,11,990,11,0,0,0,0,0,2,0,0,0,0,0,0,0.9,0.9,0.2,1.1,0.08,0.02,0.1,0.08,0.1,Matches,36d320ec
161,Tyler Deric,us USA,GK,Houston Dynamo,30,1988,7,7,630,7,0,0,0,0,0,0,0,0,0,0,0,0,0,0,0,0,0,0,0,0,0,Matches,8a37dd84
162,Justin Dhillon,us USA,FW,Seattle,23,1995,5,3,264,2.9,0,0,0,0,0,0,0,0,0,0,0,0,0.8,0.8,0.5,1.3,0.28,0.17,0.45,0.28,0.45,Matches,eb8eae2c
163,Zakaria Diallo,fr FRA,DF,Montreal Impact,32,1986,24,23,2036,22.6,3,2,3,0,0,2,1,0.13,0.09,0.22,0.13,0.22,1.8,1.8,0.8,2.5,0.08,0.03,0.11,0.08,0.11,Matches,158da7ea
164,Luis Díaz,cr CRC,FWMF,Columbus Crew,20,1998,13,9,796,8.8,2,3,2,0,0,1,0,0.23,0.34,0.57,0.23,0.57,0.9,0.9,2,3,0.1,0.23,0.33,0.1,0.33,Matches,1c9838aa
165,Eric Dick,us USA,GK,Sporting KC,24,1994,1,1,90,1,0,0,0,0,0,0,0,0,0,0,0,0,0,0,0,0,0,0,0,0,0,Matches,bf8e9c98
166,Claude Dielna,gp GLP,DF,Portland Timbers,31,1987,15,12,1087,12.1,0,0,0,0,0,3,0,0,0,0,0,0,1,1,0.1,1.1,0.09,0.01,0.09,0.09,0.09,Matches,aa862ba0
167,Adama Diomande,no NOR,FW,Los Angeles FC,28,1990,25,15,1436,16,8,5,8,0,0,1,0,0.5,0.31,0.81,0.5,0.81,9.3,9.3,3.3,12.6,0.58,0.21,0.79,0.58,0.79,Matches,336dbcb2
168,Clément Diop,sn SEN,GK,Montreal Impact,25,1993,2,2,180,2,0,0,0,0,0,0,0,0,0,0,0,0,0,0,0,0,0,0,0,0,0,Matches,0d5c0218
169,Griffin Dorsey,us USA,DF,Toronto FC,19,1999,1,0,4,0,0,0,0,0,0,0,0,0,0,0,0,0,0,0,0,0,0,0,0,0,0,Matches,c182ca04
170,Jonathan dos Santos,mx MEX,MF,LA Galaxy,28,1990,29,29,2542,28.2,2,3,1,1,1,5,0,0.07,0.11,0.18,0.04,0.14,1.2,0.4,3.8,4.2,0.04,0.13,0.18,0.01,0.15,Matches,91872dec
171,Hassani Dotson,us USA,DFMF,Minnesota Utd,21,1997,24,15,1410,15.7,4,0,4,0,0,2,0,0.26,0,0.26,0.26,0.26,0.5,0.5,0.4,0.9,0.03,0.02,0.06,0.03,0.06,Matches,8f2af1ed
172,Kyle Duncan,us USA,DF,NY Red Bulls,21,1997,13,13,1078,12,1,2,1,0,0,4,0,0.08,0.17,0.25,0.08,0.25,0.5,0.5,1.2,1.7,0.05,0.1,0.14,0.05,0.14,Matches,575e6cb1
173,Chris Durkin,us USA,MF,D.C. United,18,2000,13,7,640,7.1,1,0,1,0,0,1,0,0.14,0,0.14,0.14,0.14,0.1,0.1,0.3,0.4,0.02,0.05,0.06,0.02,0.06,Matches,0ffd4373
174,Chris Duvall,us USA,DF,Houston Dynamo,27,1991,1,1,90,1,0,0,0,0,0,0,0,0,0,0,0,0,0,0,0,0,0,0,0,0,0,Matches,39fae08b
175,Dom Dwyer,us USA,FW,Orlando City,28,1990,27,16,1616,18,7,3,7,0,0,6,1,0.39,0.17,0.56,0.39,0.56,8.8,8.8,1.4,10.2,0.49,0.08,0.57,0.49,0.57,Matches,bdfc15f8
176,Jeremy Ebobisse,us USA,FW,Portland Timbers,21,1997,34,25,2307,25.6,11,1,11,0,0,3,0,0.43,0.04,0.47,0.43,0.47,10.5,10.5,2,12.5,0.41,0.08,0.49,0.41,0.49,Matches,5fa7b2ec
177,Raheem Edwards,ca CAN,DF,Chicago Fire,23,1995,4,2,245,2.7,1,0,1,0,0,2,0,0.37,0,0.37,0.37,0.37,0.6,0.6,0.3,0.9,0.24,0.09,0.33,0.24,0.33,Matches,b828d56a
178,Alberth Elis,hn HON,FWMF,Houston Dynamo,22,1996,26,22,1923,21.4,9,8,7,2,2,6,1,0.42,0.37,0.8,0.33,0.7,10,8.4,7,15.5,0.47,0.33,0.8,0.4,0.72,Matches,104b4ad3
179,Jack Elliott,eng ENG,DF,Philadelphia,23,1995,34,34,3060,34,2,0,2,0,0,4,0,0.06,0,0.06,0.06,0.06,2.7,2.7,0.8,3.5,0.08,0.02,0.1,0.08,0.1,Matches,041deebd
180,Tsubasa Endoh,jp JPN,FWMF,Toronto FC,25,1993,13,10,873,9.7,3,2,3,0,0,1,0,0.31,0.21,0.52,0.31,0.52,1.7,1.7,1.2,2.9,0.18,0.12,0.3,0.18,0.3,Matches,46dca6e8
181,Marcus Epps,us USA,MFDF,NY Red Bulls,24,1995,3,1,110,1.2,0,0,0,0,0,0,0,0,0,0,0,0,0,0,0,0,0.04,0,0.04,0.04,0.04,Matches,7bb23f0e
182,Jon Erice,es ESP,MF,Vancouver,32,1986,21,21,1747,19.4,0,1,0,0,0,2,0,0,0.05,0.05,0,0.05,0.2,0.2,0.8,1,0.01,0.04,0.05,0.01,0.05,Matches,39da8b1f
183,Magnus Eriksson,se SWE,MF,San Jose,28,1990,32,32,2802,31.1,6,7,5,1,1,5,0,0.19,0.22,0.42,0.16,0.39,5.7,4.9,7.6,12.6,0.18,0.25,0.43,0.16,0.4,Matches,5571f8b5
184,Franco Escobar,ar ARG,DF,Atlanta Utd,23,1995,25,22,2013,22.4,1,2,1,0,0,9,0,0.04,0.09,0.13,0.04,0.13,0.8,0.8,1.8,2.6,0.04,0.08,0.12,0.04,0.12,Matches,54f33d0e
185,Cristian Espinoza,ar ARG,FWMF,San Jose,23,1995,30,30,2524,28,2,10,2,0,0,8,2,0.07,0.36,0.43,0.07,0.43,4.3,4.3,9.9,14.2,0.15,0.35,0.5,0.15,0.5,Matches,9c794a80
186,Roger Espinoza,hn HON,MF,Sporting KC,32,1986,16,15,1140,12.7,0,1,0,0,0,5,3,0,0.08,0.08,0,0.08,1.1,1.1,1.4,2.6,0.09,0.11,0.2,0.09,0.2,Matches,60b7c195
187,Derrick Etienne,ht HAI,FWMF,FC Cincinnati,22,1996,5,2,220,2.4,0,0,0,0,0,0,0,0,0,0,0,0,0.2,0.2,0.1,0.2,0.07,0.03,0.1,0.07,0.1,Matches,59059f1e
188,Derrick Etienne,ht HAI,FWMF,NY Red Bulls,22,1996,11,5,467,5.2,1,1,1,0,0,0,0,0.19,0.19,0.39,0.19,0.39,0.8,0.8,0.6,1.4,0.16,0.11,0.26,0.16,0.26,Matches,59059f1e
189,Marco Fabián,mx MEX,MFFW,Philadelphia,29,1989,23,15,1246,13.8,7,1,5,2,4,5,1,0.51,0.07,0.58,0.36,0.43,6.9,3.8,1.9,5.7,0.5,0.13,0.63,0.28,0.41,Matches,e665a2db
190,Fabinho,br BRA,DF,Philadelphia,33,1985,1,1,90,1,0,0,0,0,0,0,0,0,0,0,0,0,0,0,0,0,0.03,0,0.03,0.03,0.03,Matches,4e3a17fc
191,Diego Fagúndez,uy URU,MFFW,New England,23,1995,25,13,1175,13.1,2,3,2,0,1,2,0,0.15,0.23,0.38,0.15,0.38,2.6,1.9,1.7,3.6,0.2,0.13,0.33,0.14,0.28,Matches,fe81682e
192,Rod Fanni,fr FRA,DF,Montreal Impact,37,1981,3,3,270,3,0,0,0,0,0,0,0,0,0,0,0,0,0,0,0.1,0.1,0,0.02,0.02,0,0.02,Matches,28c4631c
193,Marco Farfan,us USA,DF,Portland Timbers,20,1998,3,3,189,2.1,0,0,0,0,0,2,0,0,0,0,0,0,0,0,0,0,0,0.01,0.01,0,0.01,Matches,cfc68595
194,Andrew Farrell,us USA,DF,New England,26,1992,29,29,2602,28.9,0,1,0,0,0,7,0,0,0.03,0.03,0,0.03,0,0,0.5,0.5,0,0.02,0.02,0,0.02,Matches,71eda165
195,Benny Feilhaber,us USA,MF,Colorado Rapids,34,1985,9,7,619,6.9,2,2,2,0,0,3,0,0.29,0.29,0.58,0.29,0.58,1.1,1.1,0.7,1.8,0.16,0.1,0.26,0.16,0.26,Matches,7ed107b1
196,Benny Feilhaber,us USA,MF,Sporting KC,34,1985,17,13,1100,12.2,2,1,2,0,0,3,0,0.16,0.08,0.25,0.16,0.25,1.6,1.6,1.6,3.2,0.13,0.13,0.26,0.13,0.26,Matches,7ed107b1
197,Felipe,br BRA,MF,Vancouver,28,1990,18,13,1142,12.7,1,0,1,0,0,5,0,0.08,0,0.08,0.08,0.08,1.2,1.2,0.6,1.8,0.09,0.05,0.14,0.09,0.14,Matches,2415bd0a
198,Felipe,br BRA,MF,D.C. United,28,1990,9,9,774,8.6,0,0,0,0,0,1,0,0,0,0,0,0,0.2,0.2,0.4,0.6,0.02,0.05,0.07,0.02,0.07,Matches,2415bd0a
199,Luis Felipe,br BRA,MF,San Jose,23,1996,3,0,42,0.5,0,0,0,0,0,1,0,0,0,0,0,0,0,0,0,0,0,0,0,0,0,Matches,a07caf31
200,Rolf Feltscher,ve VEN,DF,LA Galaxy,28,1990,25,25,2178,24.2,1,3,1,0,0,7,0,0.04,0.12,0.17,0.04,0.17,1.8,1.8,3.8,5.7,0.08,0.16,0.23,0.08,0.23,Matches,27baf026
201,Gerso Fernandes,gw GNB,FWMF,Sporting KC,27,1991,25,20,1745,19.4,2,6,2,0,0,5,0,0.1,0.31,0.41,0.1,0.41,5.4,5.4,4.6,10,0.28,0.24,0.52,0.28,0.52,Matches,43cbe937
202,Brian Fernández,ar ARG,FW,Portland Timbers,24,1994,19,16,1409,15.7,11,1,11,0,0,4,1,0.7,0.06,0.77,0.7,0.77,8.3,8.3,2.5,10.9,0.53,0.16,0.69,0.53,0.69,Matches,857e2586
203,Omir Fernandez,us USA,FWMF,NY Red Bulls,19,1999,18,3,580,6.4,2,1,2,0,0,0,0,0.31,0.16,0.47,0.31,0.47,2.1,2.1,1.1,3.2,0.33,0.17,0.5,0.33,0.5,Matches,622986f0
204,Juan Fernando Caicedo,co COL,FW,New England,29,1989,27,13,1073,11.9,5,2,5,0,0,2,0,0.42,0.17,0.59,0.42,0.59,4.9,4.9,0.9,5.7,0.41,0.07,0.48,0.41,0.48,Matches,b04df630
205,Jesus Ferreira,us USA,FWMF,FC Dallas,18,2000,33,29,2439,27.1,8,5,8,0,0,4,0,0.3,0.18,0.48,0.3,0.48,8.9,8.9,2.5,11.4,0.33,0.09,0.42,0.33,0.42,Matches,f61246d8
206,Marcelo dos Santos Ferreira,br BRA,DF,Chicago Fire,29,1989,16,12,1151,12.8,0,0,0,0,0,1,0,0,0,0,0,0,0.3,0.3,0,0.3,0.02,0,0.02,0.02,0.02,Matches,15a5e48c
207,Carlos Fierro,mx MEX,FWMF,San Jose,24,1994,7,2,229,2.5,0,0,0,0,0,0,0,0,0,0,0,0,1,1,0,1,0.39,0.01,0.4,0.39,0.4,Matches,bbd2b6b7
208,Maynor Figueroa,hn HON,DF,Houston Dynamo,35,1983,25,25,2249,25,0,1,0,0,0,6,1,0,0.04,0.04,0,0.04,0.8,0.8,1.2,2,0.03,0.05,0.08,0.03,0.08,Matches,d8524b21
209,Ethan Finlay,us USA,FWMF,Minnesota Utd,28,1990,33,22,1911,21.2,7,2,5,2,2,3,0,0.33,0.09,0.42,0.24,0.33,7.3,5.8,3,8.8,0.34,0.14,0.49,0.27,0.41,Matches,c16a59af
210,Andrés Flores,sv SLV,MF,Portland Timbers,28,1990,15,9,778,8.6,0,1,0,0,0,0,0,0,0.12,0.12,0,0.12,0.5,0.5,0.1,0.7,0.06,0.01,0.08,0.06,0.08,Matches,67c11728
211,Anthony Fontana,us USA,MFFW,Philadelphia,19,1999,8,0,127,1.4,1,0,1,0,0,0,0,0.71,0,0.71,0.71,0.71,0.6,0.6,0,0.6,0.46,0,0.46,0.46,0.46,Matches,1f34358e
212,Andreu Fontàs,es ESP,DF,Sporting KC,29,1989,13,10,967,10.7,0,0,0,0,0,2,0,0,0,0,0,0,0.4,0.4,0.1,0.5,0.04,0.01,0.05,0.04,0.05,Matches,0f138d5a
213,Waylon Francis,cr CRC,DF,Columbus Crew,28,1990,17,16,1382,15.4,0,0,0,0,0,3,0,0,0,0,0,0,0.1,0.1,0.5,0.6,0,0.03,0.04,0,0.04,Matches,a3a1849f
214,Przemyslaw Frankowski,pl POL,FWMF,Chicago Fire,23,1995,31,24,2303,25.6,5,7,5,0,0,3,0,0.2,0.27,0.47,0.2,0.47,6.6,6.6,5.7,12.2,0.26,0.22,0.48,0.26,0.48,Matches,00a8d210
215,Liam Fraser,ca CAN,MFDF,Toronto FC,20,1998,9,9,810,9,0,0,0,0,0,3,0,0,0,0,0,0,0.6,0.6,0.2,0.9,0.07,0.03,0.1,0.07,0.1,Matches,d784062b
216,Matt Freese,us USA,GK,Philadelphia,20,1998,6,5,437,4.9,0,0,0,0,0,0,0,0,0,0,0,0,0,0,0,0,0,0,0,0,0,Matches,2f49476c
217,Stefan Frei,ch SUI,GK,Seattle,32,1986,34,34,3060,34,0,0,0,0,0,1,0,0,0,0,0,0,0,0,0,0,0,0,0,0,0,Matches,1d0a0f3e
218,Alejandro Fuenmayor,ve VEN,DF,Houston Dynamo,22,1996,8,8,698,7.8,0,1,0,0,0,3,0,0,0.13,0.13,0,0.13,0.8,0.8,0,0.8,0.1,0,0.1,0.1,0.1,Matches,77edb7ec
219,Gilbert Fuentes,us USA,FW,San Jose,16,2002,1,0,3,0,0,0,0,0,0,0,0,0,0,0,0,0,0,0,0,0,0,0,0,0,0,Matches,a0f5470d
220,Ray Gaddis,us USA,DF,Philadelphia,29,1990,34,34,2958,32.9,0,1,0,0,0,2,0,0,0.03,0.03,0,0.03,0.5,0.5,1,1.5,0.02,0.03,0.05,0.02,0.05,Matches,8348b24d
221,Nicolás Gaitán,ar ARG,MF,Chicago Fire,30,1988,27,25,2006,22.3,4,11,3,1,3,2,1,0.18,0.49,0.67,0.13,0.63,5.6,3.1,6.2,9.3,0.26,0.29,0.55,0.15,0.44,Matches,7ebfac0f
222,Erickson Gallardo,ve VEN,FWMF,Toronto FC,25,1993,5,4,241,2.7,0,1,0,0,0,0,0,0,0.37,0.37,0,0.37,0.4,0.4,0.5,1,0.16,0.21,0.37,0.16,0.37,Matches,6251c0e7
223,Boniek García,hn HON,MF,Houston Dynamo,34,1984,32,30,2577,28.6,0,1,0,0,0,5,0,0,0.03,0.03,0,0.03,0.7,0.7,1.8,2.5,0.03,0.06,0.09,0.03,0.09,Matches,889ce425
224,Kevin Garcia,us USA,DF,Houston Dynamo,28,1990,12,8,816,9.1,0,0,0,0,0,1,0,0,0,0,0,0,0.1,0.1,0,0.1,0.01,0,0.01,0.01,0.01,Matches,bb978f2b
225,Greg Garza,us USA,DF,FC Cincinnati,27,1991,13,11,908,10.1,0,0,0,0,0,1,0,0,0,0,0,0,0,0,0.9,0.9,0,0.08,0.08,0,0.08,Matches,5ae88d65
226,Chase Gasper,us USA,DF,Minnesota Utd,23,1996,15,14,1293,14.4,0,0,0,0,0,7,1,0,0,0,0,0,0.3,0.3,0.5,0.8,0.02,0.03,0.06,0.02,0.06,Matches,7371ec36
227,Carles Gil,es ESP,MFFW,New England,26,1992,34,34,3051,33.9,10,12,6,4,5,5,0,0.29,0.35,0.65,0.18,0.53,7.9,4.1,8.5,12.5,0.23,0.25,0.48,0.12,0.37,Matches,11c30a46
228,Justen Glad,us USA,DF,Real Salt Lake,21,1997,23,23,2063,22.9,0,0,0,0,0,2,0,0,0,0,0,0,1.1,1.1,0.2,1.3,0.05,0.01,0.06,0.05,0.06,Matches,5b768b0f
229,Aníbal Godoy,pa PAN,MF,San Jose,28,1990,15,15,1343,14.9,0,1,0,0,0,8,0,0,0.07,0.07,0,0.07,0.2,0.2,0.9,1.1,0.01,0.06,0.07,0.01,0.07,Matches,2d496ca3
230,Erik Godoy,ar ARG,DF,Vancouver,25,1993,29,28,2597,28.9,1,1,1,0,0,6,0,0.03,0.03,0.07,0.03,0.07,0.8,0.8,0.8,1.6,0.03,0.03,0.05,0.03,0.05,Matches,e8b80334
231,Giancarlo González,cr CRC,DF,LA Galaxy,30,1988,20,15,1434,15.9,1,0,1,0,0,5,0,0.06,0,0.06,0.06,0.06,0.7,0.7,0.2,0.8,0.04,0.01,0.05,0.04,0.05,Matches,117beb8f
232,Jesse Gonzalez,mx MEX,GK,FC Dallas,23,1995,32,32,2880,32,0,0,0,0,0,5,0,0,0,0,0,0,0,0,0.1,0.1,0,0,0,0,0,Matches,203a7651
233,Omar Gonzalez,us USA,DF,Toronto FC,30,1988,14,14,1260,14,1,1,1,0,0,0,0,0.07,0.07,0.14,0.07,0.14,0.6,0.6,0.1,0.7,0.04,0.01,0.05,0.04,0.05,Matches,0d2fe665
234,Leandro González Pirez,ar ARG,DF,Atlanta Utd,26,1992,31,31,2699,30,1,0,1,0,0,11,1,0.03,0,0.03,0.03,0.03,2.2,2.2,0.4,2.6,0.07,0.01,0.09,0.07,0.09,Matches,5ba1112c
235,Ján Greguš,sk SVK,MF,Minnesota Utd,28,1991,30,30,2677,29.7,1,9,1,0,0,4,1,0.03,0.3,0.34,0.03,0.34,1.7,1.7,5.5,7.2,0.06,0.18,0.24,0.06,0.24,Matches,7d974435
236,Julian Gressel,de GER,DFFW,Atlanta Utd,25,1993,33,31,2686,29.8,6,11,6,0,0,3,0,0.2,0.37,0.57,0.2,0.57,5,5,8.8,13.8,0.17,0.3,0.46,0.17,0.46,Matches,acd47bc0
237,Carlos Gruezo,ec ECU,MF,FC Dallas,23,1995,9,9,783,8.7,1,0,1,0,0,1,0,0.11,0,0.11,0.11,0.11,0.7,0.7,0.2,0.9,0.08,0.02,0.1,0.08,0.1,Matches,f2dd9a21
238,Felipe Gutiérrez,cl CHI,MF,Sporting KC,28,1990,32,31,2716,30.2,12,1,7,5,6,11,0,0.4,0.03,0.43,0.23,0.27,9.5,4.9,4.9,9.8,0.31,0.16,0.48,0.16,0.33,Matches,80ae314a
239,Jeremiah Gutjahr,us USA,DF,Chicago Fire,21,1997,8,5,503,5.6,0,1,0,0,0,1,0,0,0.18,0.18,0,0.18,0,0,0.3,0.4,0.01,0.07,0.08,0.01,0.08,Matches,4992dee0
240,Andrew Gutman,us USA,DF,FC Cincinnati,22,1996,8,5,483,5.4,0,1,0,0,0,2,0,0,0.19,0.19,0,0.19,0.2,0.2,0.2,0.3,0.03,0.03,0.06,0.03,0.06,Matches,b7a23251
241,Brad Guzan,us USA,GK,Atlanta Utd,34,1984,34,34,3060,34,0,0,0,0,0,0,0,0,0,0,0,0,0,0,0,0,0,0,0,0,0,Matches,d899e3bf
242,David Guzmán,cr CRC,MF,Portland Timbers,28,1990,5,4,348,3.9,0,1,0,0,0,0,0,0,0.26,0.26,0,0.26,0.2,0.2,1.3,1.4,0.04,0.33,0.37,0.04,0.37,Matches,bb62beaa
243,David Guzmán,cr CRC,MF,Columbus Crew,28,1990,16,13,1137,12.6,0,0,0,0,0,6,0,0,0,0,0,0,0.7,0.7,0.4,1.2,0.06,0.04,0.09,0.06,0.09,Matches,bb62beaa
244,Edwin Gyasi,gh GHA,FW,FC Dallas,27,1991,4,1,84,0.9,0,0,0,0,0,0,0,0,0,0,0,0,0.1,0.1,0,0.1,0.1,0.03,0.13,0.1,0.13,Matches,a23ebf35
245,Joe Gyau,us USA,FWMF,FC Cincinnati,26,1992,8,5,461,5.1,0,0,0,0,0,0,1,0,0,0,0,0,0.6,0.6,0.1,0.6,0.11,0.01,0.12,0.11,0.12,Matches,3511b4f8
246,Justin Haak,us USA,MFFW,NYCFC,17,2001,3,0,7,0.1,0,0,0,0,0,0,0,0,0,0,0,0,0,0,0,0,0,0,0,0,0,Matches,c644e140
247,Nick Hagglund,us USA,DF,FC Cincinnati,26,1992,22,20,1803,20,0,0,0,0,0,2,0,0,0,0,0,0,0.9,0.9,0.1,1,0.04,0.01,0.05,0.04,0.05,Matches,39632554
248,Marlon Hairston,us USA,FW,Houston Dynamo,24,1994,12,5,412,4.6,0,0,0,0,0,0,0,0,0,0,0,0,0.7,0.7,0.5,1.3,0.16,0.12,0.28,0.16,0.28,Matches,1d531c57
249,Siad Haji,so SOM,MFDF,San Jose,19,1999,4,0,44,0.5,0,0,0,0,0,0,0,0,0,0,0,0,0,0,0,0,0,0,0,0,0,Matches,9212f1cb
250,Niko Hämäläinen,fi FIN,DF,Los Angeles FC,21,1997,3,1,96,1.1,0,1,0,0,0,0,0,0,0.94,0.94,0,0.94,0,0,0,0,0,0.02,0.02,0,0.02,Matches,4435db1e
251,Bill Hamid,us USA,GK,D.C. United,28,1990,33,33,2970,33,0,0,0,0,0,0,0,0,0,0,0,0,0,0,0.2,0.2,0,0.01,0.01,0,0.01,Matches,012fc030
252,Jordan Hamilton,ca CAN,FW,Toronto FC,22,1996,14,7,624,6.9,4,0,4,0,0,0,0,0.58,0,0.58,0.58,0.58,4.1,4.1,0.2,4.3,0.59,0.03,0.62,0.59,0.62,Matches,d80a3a57
253,Jordan Hamilton,ca CAN,FW,Columbus Crew,22,1996,4,0,60,0.7,0,0,0,0,0,0,0,0,0,0,0,0,0.1,0.1,0,0.1,0.15,0,0.15,0.15,0.15,Matches,d80a3a57
254,Niko Hansen,dk DEN,MFFW,Houston Dynamo,24,1994,4,0,38,0.4,0,0,0,0,0,0,0,0,0,0,0,0,0.1,0.1,0,0.1,0.14,0,0.14,0.14,0.14,Matches,9bebd450
255,Niko Hansen,dk DEN,MFDF,Columbus Crew,24,1994,9,2,252,2.8,0,0,0,0,0,1,0,0,0,0,0,0,0,0,0.2,0.2,0,0.07,0.07,0,0.07,Matches,9bebd450
256,Jordan Harvey,us USA,DF,Los Angeles FC,35,1984,30,28,2359,26.2,1,4,1,0,0,4,0,0.04,0.15,0.19,0.04,0.19,1.1,1.1,2.2,3.3,0.04,0.09,0.13,0.04,0.13,Matches,bb78f8a5
257,Nicolas Hasler,li LIE,DF,Chicago Fire,27,1991,3,1,74,0.8,0,0,0,0,0,0,0,0,0,0,0,0,0,0,0,0.1,0.03,0.06,0.09,0.03,0.09,Matches,bac7a52f
258,Nicolas Hasler,li LIE,DF,Sporting KC,27,1991,9,7,636,7.1,0,0,0,0,0,0,0,0,0,0,0,0,0,0,0.6,0.7,0.01,0.09,0.1,0.01,0.1,Matches,bac7a52f
259,Jacori Hayes,us USA,MF,FC Dallas,23,1995,19,8,854,9.5,0,2,0,0,0,1,0,0,0.21,0.21,0,0.21,0.4,0.4,0.4,0.7,0.04,0.04,0.08,0.04,0.08,Matches,d2173b7b
260,Héber,br BRA,FW,NYCFC,27,1991,22,18,1573,17.5,15,3,15,0,0,1,0,0.86,0.17,1.03,0.86,1.03,9.9,9.9,2,11.9,0.6,0.12,0.72,0.6,0.72,Matches,d552c4a1
261,Matt Hedges,us USA,DF,FC Dallas,28,1990,33,33,2883,32,1,0,1,0,0,5,1,0.03,0,0.03,0.03,0.03,1.5,1.5,0.6,2.1,0.05,0.02,0.07,0.05,0.07,Matches,5e2a4d0e
262,Doneil Henry,ca CAN,DF,Vancouver,25,1993,25,24,2123,23.6,4,0,4,0,0,3,0,0.17,0,0.17,0.17,0.17,1.1,1.1,0,1.1,0.05,0,0.05,0.05,0.05,Matches,22636117
263,Fabian Herbers,de GER,MFFW,Chicago Fire,25,1993,17,7,780,8.7,3,1,3,0,0,3,0,0.35,0.12,0.46,0.35,0.46,1.9,1.9,1.1,3,0.22,0.12,0.34,0.22,0.34,Matches,5cbf5ccd
264,Felipe Hernandez,us USA,MF,Sporting KC,20,1998,2,1,96,1.1,0,0,0,0,0,0,0,0,0,0,0,0,0,0,0,0,0.02,0,0.02,0.02,0.02,Matches,31a4d0b8
265,Aaron Herrera,us USA,DF,Real Salt Lake,21,1997,32,31,2768,30.8,0,3,0,0,0,7,1,0,0.1,0.1,0,0.1,0.6,0.6,2.3,2.9,0.02,0.07,0.09,0.02,0.09,Matches,d86e3070
266,Federico Higuaín,ar ARG,MF,Columbus Crew,34,1984,14,13,1129,12.5,1,3,1,0,1,2,0,0.08,0.24,0.32,0.08,0.32,2.1,1.4,2.5,3.9,0.17,0.2,0.37,0.11,0.31,Matches,ef8fc24c
267,Cristian Higuita,co COL,MF,Orlando City,25,1994,9,7,643,7.1,0,0,0,0,0,5,0,0,0,0,0,0,0.2,0.2,0.1,0.3,0.03,0.02,0.05,0.03,0.05,Matches,0f31b38b
268,Danny Hoesen,nl NED,FWMF,San Jose,28,1991,30,12,1478,16.4,5,3,5,0,0,1,0,0.3,0.18,0.49,0.3,0.49,8.2,8.2,3.1,11.3,0.5,0.19,0.69,0.5,0.69,Matches,5ef1939b
269,Ryan Hollingshead,us USA,DF,FC Dallas,27,1991,34,33,2960,32.9,6,1,6,0,0,3,0,0.18,0.03,0.21,0.18,0.21,3.8,3.8,2,5.8,0.12,0.06,0.18,0.12,0.18,Matches,28b58797
270,Erik Holt,us USA,DF,Real Salt Lake,22,1996,5,5,370,4.1,0,0,0,0,0,0,0,0,0,0,0,0,0,0,0,0,0,0,0,0,0,Matches,3677d047
271,Shandon Hopeau,us USA,FW,Seattle,20,1998,1,0,33,0.4,0,0,0,0,0,0,0,0,0,0,0,0,0,0,0,0,0,0,0,0,0,Matches,74828ac5
272,André Horta,pt POR,MF,Los Angeles FC,22,1996,4,2,184,2,0,0,0,0,0,1,0,0,0,0,0,0,0.2,0.2,0.1,0.3,0.11,0.04,0.15,0.11,0.15,Matches,951f1739
273,Tim Howard,us USA,GK,Colorado Rapids,39,1979,25,25,2159,24,0,0,0,0,0,1,0,0,0,0,0,0,0,0,0,0,0,0,0,0,0,Matches,c444465e
274,Justin Hoyte,tt TRI,DF,FC Cincinnati,34,1984,17,16,1476,16.4,0,0,0,0,0,3,0,0,0,0,0,0,0.1,0.1,0.1,0.2,0,0.01,0.01,0,0.01,Matches,b57b7582
275,Erik Hurtado,us USA,FW,Sporting KC,28,1990,13,8,816,9.1,2,0,2,0,0,1,0,0.22,0,0.22,0.22,0.22,3.3,3.3,0.4,3.7,0.37,0.04,0.41,0.37,0.41,Matches,b11e6f2b
276,Emerson Hyndman,us USA,MFFW,Atlanta Utd,22,1996,15,10,987,11,1,1,1,0,0,1,0,0.09,0.09,0.18,0.09,0.18,1.6,1.6,0.9,2.5,0.15,0.08,0.22,0.15,0.22,Matches,3be1a627
277,Miguel Ibarra,us USA,FWMF,Minnesota Utd,28,1990,22,16,1506,16.7,1,1,1,0,0,4,0,0.06,0.06,0.12,0.06,0.12,2.4,2.4,2.4,4.8,0.14,0.14,0.29,0.14,0.29,Matches,f6756592
278,Romario Ibarra,ec ECU,FW,Minnesota Utd,24,1994,8,4,380,4.2,2,0,2,0,0,1,0,0.47,0,0.47,0.47,0.47,1.2,1.2,0.2,1.4,0.28,0.05,0.34,0.28,0.34,Matches,b494ccf5
279,Sebastien Ibeagha,us USA,DF,NYCFC,27,1992,23,11,1117,12.4,0,0,0,0,0,1,0,0,0,0,0,0,0.1,0.1,0,0.1,0,0,0,0,0,Matches,41ba8175
280,Zlatan Ibrahimovic,se SWE,FW,LA Galaxy,37,1981,29,29,2610,29,30,7,24,6,7,7,0,1.03,0.24,1.28,0.83,1.07,22.8,17.3,6.4,23.7,0.79,0.22,1.01,0.6,0.82,Matches,4cde5509
281,Ilsinho,br BRA,FWMF,Philadelphia,33,1985,28,7,1094,12.2,5,5,5,0,0,2,0,0.41,0.41,0.82,0.41,0.82,2.5,2.4,2.8,5.1,0.21,0.23,0.43,0.19,0.42,Matches,aa8683ae
282,Hwang In-beom,kr KOR,MF,Vancouver,22,1996,34,31,2806,31.2,3,3,2,1,1,6,0,0.1,0.1,0.19,0.06,0.16,3.1,2.3,3.7,6,0.1,0.12,0.22,0.07,0.19,Matches,92fa5d28
283,Clint Irwin,us USA,GK,Colorado Rapids,29,1989,11,9,901,10,0,0,0,0,0,0,0,0,0,0,0,0,0,0,0,0,0,0,0,0,0,Matches,c1205184
284,Andreas Ivan,ro ROU,FWMF,NY Red Bulls,24,1995,12,5,490,5.4,1,2,1,0,0,0,0,0.18,0.37,0.55,0.18,0.55,1.2,1.2,0.5,1.6,0.21,0.09,0.3,0.21,0.3,Matches,8bf58a80
285,Niki Jackson,us USA,FWMF,Colorado Rapids,23,1995,4,0,39,0.4,0,0,0,0,0,0,0,0,0,0,0,0,0.1,0.1,0,0.1,0.2,0,0.2,0.2,0.2,Matches,c194d248
286,Anthony Jackson-Hamel,ca CAN,FW,Montreal Impact,25,1993,16,6,623,6.9,3,0,3,0,0,0,0,0.43,0,0.43,0.43,0.43,1.8,1.8,0.6,2.5,0.27,0.09,0.36,0.27,0.36,Matches,c9871e2b
287,Modou Jadama,us USA,DF,Portland Timbers,24,1994,1,1,90,1,0,0,0,0,0,0,0,0,0,0,0,0,0,0,0,0,0,0,0,0,0,Matches,0cbd9569
288,Dejan Jakovic,ca CAN,DF,Los Angeles FC,33,1985,3,2,181,2,0,0,0,0,0,1,0,0,0,0,0,0,0,0,0,0,0,0.01,0.01,0,0.01,Matches,01d36542
289,Robin Jansson,se SWE,DF,Orlando City,27,1991,28,28,2420,26.9,0,0,0,0,0,6,1,0,0,0,0,0,0.8,0.8,0,0.8,0.03,0,0.03,0.03,0.03,Matches,8ca5c176
290,Leonardo Jara,ar ARG,DF,D.C. United,27,1991,30,25,2290,25.4,1,5,1,0,0,5,0,0.04,0.2,0.24,0.04,0.24,1.5,1.5,2.4,3.9,0.06,0.09,0.15,0.06,0.15,Matches,688aaca2
291,Hector Jiménez,us USA,DF,Columbus Crew,30,1988,23,19,1619,18,1,2,1,0,0,1,0,0.06,0.11,0.17,0.06,0.17,0.6,0.6,1.6,2.2,0.03,0.09,0.12,0.03,0.12,Matches,2dc1e90e
292,Sam Johnson,lr LBR,FW,Real Salt Lake,25,1993,24,15,1299,14.4,9,0,9,0,0,1,0,0.62,0,0.62,0.62,0.62,4.6,4.6,0.3,4.9,0.32,0.02,0.34,0.32,0.34,Matches,c423d845
293,Sean Johnson,us USA,GK,NYCFC,29,1989,29,29,2610,29,0,0,0,0,0,5,0,0,0,0,0,0,0,0,0,0,0,0,0,0,0,Matches,c164335e
294,Will Johnson,ca CAN,MF,Orlando City,32,1987,21,20,1692,18.8,1,1,1,0,0,2,0,0.05,0.05,0.11,0.05,0.11,1.8,1.8,0.4,2.2,0.1,0.02,0.12,0.09,0.12,Matches,83d80410
295,DeJuan Jones,us USA,DFMF,New England,21,1997,20,14,1297,14.4,1,0,1,0,0,0,0,0.07,0,0.07,0.07,0.07,1.5,0.8,0.8,1.5,0.1,0.05,0.15,0.05,0.1,Matches,10d1139c
296,Derrick Jones,us USA,MF,Philadelphia,21,1997,2,0,58,0.6,0,0,0,0,0,0,0,0,0,0,0,0,0,0,0,0,0,0,0,0,0,Matches,93c92d6c
297,Joevin Jones,tt TRI,FWDF,Seattle,27,1991,17,9,923,10.3,0,2,0,0,0,2,0,0,0.2,0.2,0,0.2,0.4,0.4,1.7,2.1,0.04,0.16,0.2,0.04,0.2,Matches,fc23d956
298,Mathias Jørgensen,dk DEN,FWMF,NY Red Bulls,18,2000,5,1,120,1.3,0,0,0,0,0,1,0,0,0,0,0,0,0.2,0.2,0,0.2,0.14,0,0.14,0.14,0.14,Matches,a854969f
299,Judson,br BRA,MF,San Jose,25,1993,27,23,1909,21.2,1,0,1,0,0,10,0,0.05,0,0.05,0.05,0.05,0.8,0.8,0.5,1.3,0.04,0.02,0.06,0.04,0.06,Matches,e1535f82
300,Florian Jungwirth,de GER,DF,San Jose,30,1989,30,30,2670,29.7,0,1,0,0,0,4,0,0,0.03,0.03,0,0.03,1.1,1.1,0.1,1.3,0.04,0,0.04,0.04,0.04,Matches,f179c207
301,Vitor Junior,br BRA,DFFW,LA Galaxy,30,1989,2,0,9,0.1,0,0,0,0,0,0,0,0,0,0,0,0,0,0,0,0,0,0,0,0,0,Matches,bbdc19f2
302,Kaku,py PAR,MF,NY Red Bulls,24,1995,26,21,1924,21.4,5,4,5,0,0,0,2,0.23,0.19,0.42,0.23,0.42,3.7,3.7,6.6,10.3,0.18,0.31,0.48,0.18,0.48,Matches,cb01ad74
303,Brent Kallman,us USA,DF,Minnesota Utd,28,1990,16,14,1283,14.3,0,1,0,0,0,2,0,0,0.07,0.07,0,0.07,0.1,0.1,0.4,0.6,0.01,0.03,0.04,0.01,0.04,Matches,2b24702b
304,Kei Kamara,sl SLE,FW,Colorado Rapids,34,1984,29,29,2539,28.2,14,1,10,4,7,5,1,0.5,0.04,0.53,0.35,0.39,16.6,11.3,2.3,13.6,0.59,0.08,0.67,0.4,0.48,Matches,6e3f3809
305,Ola Kamara,no NOR,FW,D.C. United,29,1989,5,3,256,2.8,3,0,3,0,0,0,0,1.05,0,1.05,1.05,1.05,1.3,1.3,0.2,1.6,0.47,0.08,0.56,0.47,0.56,Matches,e134351a
306,Johan Kappelhof,nl NED,DF,Chicago Fire,28,1990,29,29,2560,28.4,0,1,0,0,0,5,0,0,0.04,0.04,0,0.04,0.5,0.5,0.5,1,0.02,0.02,0.04,0.02,0.04,Matches,465015a5
307,Guram Kashia,ge GEO,DF,San Jose,31,1987,23,21,1907,21.2,0,0,0,0,0,2,0,0,0,0,0,0,1.5,1.5,0.2,1.7,0.07,0.01,0.08,0.07,0.08,Matches,a81f4896
308,Aleksandar Katai,rs SRB,FWMF,Chicago Fire,27,1991,29,24,2100,23.3,6,6,6,0,0,3,1,0.26,0.26,0.51,0.26,0.51,5.5,5.5,8.4,13.8,0.23,0.36,0.59,0.23,0.59,Matches,d5127c3f
309,Mark-Anthony Kaye,ca CAN,MF,Los Angeles FC,24,1994,31,27,2499,27.8,4,8,4,0,0,7,0,0.14,0.29,0.43,0.14,0.43,2.8,2.8,6.1,8.9,0.1,0.22,0.32,0.1,0.32,Matches,36a38acd
310,Kim Kee-hee,kr KOR,DF,Seattle,29,1989,30,30,2603,28.9,0,1,0,0,0,6,0,0,0.03,0.03,0,0.03,1.8,1.8,0.5,2.3,0.06,0.02,0.08,0.06,0.08,Matches,46c6ba76
311,Aboubacar Keita,us USA,DF,Columbus Crew,18,2000,10,8,802,8.9,0,0,0,0,0,0,0,0,0,0,0,0,0.1,0.1,0,0.1,0.02,0,0.02,0.02,0.02,Matches,85fbf1e4
312,Jon Kempin,us USA,GK,Columbus Crew,25,1993,3,3,270,3,0,0,0,0,0,0,0,0,0,0,0,0,0,0,0,0,0,0,0,0,0,Matches,063adc5e
313,Jasser Khemiri,tn TUN,DF,Vancouver,21,1997,1,1,90,1,0,0,0,0,0,0,0,0,0,0,0,0,0,0,0,0,0.01,0,0.01,0.01,0.01,Matches,f3513a46
314,Daniel Kinumbe,ca CAN,DF,Montreal Impact,19,1999,1,1,66,0.7,0,0,0,0,0,0,0,0,0,0,0,0,0,0,0,0,0,0,0,0,0,Matches,269fc178
315,Perry Kitchen,us USA,MF,LA Galaxy,26,1992,8,6,573,6.4,0,0,0,0,0,0,0,0,0,0,0,0,0,0,0.4,0.4,0,0.06,0.06,0,0.06,Matches,19ec49ee
316,Sacha Kljestan,us USA,MFFW,Orlando City,33,1985,23,13,1359,15.1,1,3,1,0,0,3,1,0.07,0.2,0.26,0.07,0.26,2.1,2.1,2,4.1,0.14,0.13,0.27,0.14,0.27,Matches,73682895
317,Brad Knighton,us USA,GK,New England,33,1985,8,7,663,7.4,0,0,0,0,0,0,0,0,0,0,0,0,0,0,0,0,0,0,0,0,0,Matches,9903a3cb
318,Kevin Kratz,de GER,MF,Atlanta Utd,32,1987,1,0,1,0,0,0,0,0,0,0,0,0,0,0,0,0,0,0,0,0,0,0,0,0,0,Matches,efb1f5cf
319,Damir Kreilach,hr CRO,MFFW,Real Salt Lake,29,1989,32,32,2656,29.5,6,4,5,1,1,6,1,0.2,0.14,0.34,0.17,0.3,5.2,4.4,3.8,8.2,0.18,0.13,0.3,0.15,0.28,Matches,068be155
320,Bojan Krkic,es ESP,MFFW,Montreal Impact,28,1990,8,7,606,6.7,3,0,3,0,0,0,0,0.45,0,0.45,0.45,0.45,2.1,2.1,0.6,2.7,0.31,0.09,0.4,0.31,0.4,Matches,9fa0a0b8
321,Ken Krolicki,us USA,MF,Montreal Impact,22,1996,10,5,528,5.9,0,0,0,0,0,2,0,0,0,0,0,0,0.1,0.1,0.2,0.4,0.02,0.04,0.06,0.02,0.06,Matches,067ea004
322,Kenneth Kronholm,de GER,GK,Chicago Fire,33,1985,20,20,1800,20,0,0,0,0,0,1,0,0,0,0,0,0,0,0,0,0,0,0,0,0,0,Matches,e3b198bc
323,Connor Lade,us USA,DF,NY Red Bulls,29,1989,11,10,845,9.4,1,1,1,0,0,0,0,0.11,0.11,0.21,0.11,0.21,0.2,0.2,0.4,0.6,0.02,0.04,0.07,0.02,0.07,Matches,3629e2e6
324,Roland Lamah,be BEL,MFFW,FC Cincinnati,31,1987,28,22,1778,19.8,1,3,1,0,0,0,1,0.05,0.15,0.2,0.05,0.2,2.3,2.3,2.2,4.5,0.12,0.11,0.23,0.12,0.23,Matches,336a36fb
325,Matt Lampson,us USA,GK,LA Galaxy,29,1989,1,1,90,1,0,0,0,0,0,0,0,0,0,0,0,0,0,0,0,0,0,0,0,0,0,Matches,44a7dc84
326,Foster Langsdorf,us USA,FW,Portland Timbers,23,1995,2,0,26,0.3,0,0,0,0,0,0,0,0,0,0,0,0,0,0,0,0,0,0,0,0,0,Matches,48319bb3
327,Lassi Lappalainen,fi FIN,MFFW,Montreal Impact,20,1998,11,8,682,7.6,5,0,5,0,0,0,0,0.66,0,0.66,0.66,0.66,3,3,0.1,3.1,0.39,0.02,0.41,0.39,0.41,Matches,bcb2282d
328,Jeff Larentowicz,us USA,MF,Atlanta Utd,35,1983,27,15,1473,16.4,0,0,0,0,0,4,0,0,0,0,0,0,0.4,0.4,0.2,0.6,0.02,0.01,0.03,0.02,0.03,Matches,0c3f9d7f
329,Richie Laryea,ca CAN,DF,Toronto FC,24,1995,20,16,1466,16.3,1,2,1,0,0,6,0,0.06,0.12,0.18,0.06,0.18,1.3,1.3,1.7,3,0.08,0.11,0.19,0.08,0.19,Matches,276fdbe4
330,Forrest Lasso,us USA,DF,FC Cincinnati,25,1993,5,4,394,4.4,0,0,0,0,0,2,0,0,0,0,0,0,0,0,0,0,0.01,0,0.01,0.01,0.01,Matches,f4720161
331,Kemar Lawrence,jm JAM,DF,NY Red Bulls,26,1992,22,19,1729,19.2,1,0,1,0,0,5,0,0.05,0,0.05,0.05,0.05,0.8,0.8,0.7,1.5,0.04,0.04,0.08,0.04,0.08,Matches,80be3efe
332,Emmanuel Ledesma,ar ARG,FWMF,FC Cincinnati,30,1988,26,20,1764,19.6,6,4,3,3,4,4,0,0.31,0.2,0.51,0.15,0.36,5.2,2.2,3.1,5.3,0.27,0.16,0.43,0.11,0.27,Matches,fb79af97
333,Kelvin Leerdam,sr SUR,DF,Seattle,28,1990,29,27,2407,26.7,5,2,5,0,0,7,1,0.19,0.07,0.26,0.19,0.26,2.3,2.3,2.2,4.6,0.09,0.08,0.17,0.09,0.17,Matches,d8b47705
334,Brooks Lennon,us USA,DFFW,Real Salt Lake,21,1997,28,16,1547,17.2,0,1,0,0,0,3,0,0,0.06,0.06,0,0.06,1,1,1.5,2.5,0.06,0.09,0.14,0.06,0.14,Matches,ec80ba72
335,Brett Levis,ca CAN,DFFW,Vancouver,25,1993,9,3,334,3.7,0,0,0,0,0,1,0,0,0,0,0,0,0.1,0.1,0.6,0.6,0.02,0.16,0.17,0.02,0.17,Matches,b338a233
336,Jonathan Lewis,us USA,MFFW,NYCFC,21,1997,6,2,216,2.4,0,1,0,0,0,1,0,0,0.42,0.42,0,0.42,0,0,0.1,0.1,0.02,0.03,0.05,0.02,0.05,Matches,2501eb59
337,Jonathan Lewis,us USA,FWMF,Colorado Rapids,21,1997,16,10,898,10,5,3,5,0,0,2,0,0.5,0.3,0.8,0.5,0.8,2,2,1.9,3.9,0.2,0.19,0.39,0.2,0.39,Matches,2501eb59
338,Danny Leyva,us USA,MF,Seattle,15,2003,6,4,414,4.6,0,0,0,0,0,1,0,0,0,0,0,0,0.1,0.1,0,0.1,0.02,0.01,0.03,0.02,0.03,Matches,ecc3a9c9
339,Grant Lillard,us USA,DF,Chicago Fire,23,1995,4,2,206,2.3,0,0,0,0,0,0,0,0,0,0,0,0,0.1,0.1,0,0.1,0.04,0,0.04,0.04,0.04,Matches,2fcc0f5f
340,Nick Lima,us USA,DF,San Jose,24,1994,24,21,1808,20.1,1,2,1,0,0,4,0,0.05,0.1,0.15,0.05,0.15,0.5,0.5,1.4,2,0.03,0.07,0.1,0.03,0.1,Matches,959686eb
341,Jaylin Lindsey,us USA,DF,Sporting KC,18,2000,1,1,90,1,0,0,0,0,0,0,0,0,0,0,0,0,0,0,0,0,0,0,0,0,0,Matches,83cb6e59
342,Sebastian Lletget,us USA,MFFW,LA Galaxy,26,1992,29,27,2314,25.7,3,5,3,0,0,4,0,0.12,0.19,0.31,0.12,0.31,2.4,2.4,3.3,5.7,0.1,0.13,0.22,0.1,0.22,Matches,73019c31
343,Robin Lod,fi FIN,FWMF,Minnesota Utd,25,1993,10,6,582,6.5,0,0,0,0,0,0,0,0,0,0,0,0,1.3,1.3,0.3,1.6,0.21,0.04,0.25,0.21,0.25,Matches,33c69aa0
344,Nicolás Lodeiro,uy URU,MF,Seattle,29,1989,28,28,2498,27.8,7,7,5,2,2,7,0,0.25,0.25,0.5,0.18,0.43,6.3,4.8,9.8,14.6,0.23,0.35,0.58,0.17,0.53,Matches,fe81d0d1
345,Aaron Long,us USA,DF,NY Red Bulls,26,1992,24,24,2115,23.5,2,0,2,0,0,3,0,0.09,0,0.09,0.09,0.09,1.5,1.5,0.5,2,0.06,0.02,0.08,0.06,0.08,Matches,46b89640
346,Marcos López,pe PER,DF,San Jose,19,1999,18,15,1162,12.9,0,0,0,0,0,7,1,0,0,0,0,0,0.7,0.7,1.5,2.2,0.05,0.11,0.17,0.05,0.17,Matches,9b3ab988
347,Marvin Loría,cr CRC,FWMF,Portland Timbers,21,1997,19,8,705,7.8,2,0,2,0,0,3,0,0.26,0,0.26,0.26,0.26,1.1,1.1,0.9,2.1,0.15,0.12,0.26,0.15,0.26,Matches,71380d87
348,Daniel Lovitz,us USA,DF,Montreal Impact,27,1991,28,28,2520,28,0,1,0,0,0,5,0,0,0.04,0.04,0,0.04,0.5,0.5,2,2.5,0.02,0.07,0.09,0.02,0.09,Matches,db97d838
349,Jorge Luis Corrales,cu CUB,DF,Chicago Fire,27,1991,15,13,1034,11.5,0,0,0,0,0,4,1,0,0,0,0,0,0,0,0.5,0.5,0,0.04,0.04,0,0.04,Matches,bb67b6b0
350,Jorge Luis Corrales,cu CUB,DF,Montreal Impact,27,1991,4,1,101,1.1,0,1,0,0,0,0,0,0,0.89,0.89,0,0.89,0,0,0.1,0.1,0,0.1,0.1,0,0.1,Matches,bb67b6b0
351,Luis Silva,mx MEX,FWMF,Seattle,30,1988,5,2,198,2.2,0,0,0,0,0,0,0,0,0,0,0,0,1.2,1.2,0,1.2,0.55,0.01,0.56,0.55,0.56,Matches,0a8be4f8
352,Everton Luiz,br BRA,MF,Real Salt Lake,30,1988,27,24,2107,23.4,0,2,0,0,0,8,0,0,0.09,0.09,0,0.09,0.7,0.7,0.9,1.6,0.03,0.04,0.07,0.03,0.07,Matches,3799e138
353,Adam Lundqvist,se SWE,DF,Houston Dynamo,24,1994,28,26,2388,26.5,0,3,0,0,0,4,0,0,0.11,0.11,0,0.11,0.2,0.2,4.4,4.6,0.01,0.17,0.17,0.01,0.17,Matches,91769a24
354,Larrys Mabiala,cd COD,DF,Portland Timbers,31,1987,22,22,1901,21.1,2,0,2,0,0,7,1,0.09,0,0.09,0.09,0.09,1.6,1.6,0.1,1.6,0.07,0,0.08,0.07,0.08,Matches,5bdec47f
355,Gary Mackay-Steven,sct SCO,FWMF,NYCFC,28,1990,12,5,527,5.9,1,1,1,0,0,0,0,0.17,0.17,0.34,0.17,0.34,1.7,1.7,1,2.8,0.3,0.18,0.47,0.3,0.47,Matches,da6ce369
356,Zac MacMath,us USA,GK,Vancouver,27,1991,8,8,720,8,0,0,0,0,0,3,0,0,0,0,0,0,0,0,0,0,0,0,0,0,0,Matches,06caac45
357,Connor Maloney,us USA,DF,Columbus Crew,23,1995,10,9,795,8.8,0,0,0,0,0,1,0,0,0,0,0,0,0.1,0.1,0.1,0.2,0.01,0.01,0.03,0.01,0.03,Matches,05ad7458
358,Michael Mancienne,sc SEY,DF,New England,31,1988,16,13,1191,13.2,1,0,1,0,0,5,1,0.08,0,0.08,0.08,0.08,0.3,0.3,0,0.3,0.02,0,0.02,0.02,0.02,Matches,2db3ae0a
359,Carter Manley,us USA,DF,Minnesota Utd,22,1996,1,1,90,1,0,0,0,0,0,0,0,0,0,0,0,0,0,0,0,0,0,0,0,0,0,Matches,a99e9900
360,Kekuta Manneh,us USA,FWMF,FC Cincinnati,24,1994,27,15,1499,16.7,4,3,4,0,0,0,1,0.24,0.18,0.42,0.24,0.42,2.8,2.8,2.1,4.9,0.17,0.13,0.3,0.17,0.3,Matches,4d735ad6
361,Vito Mannone,it ITA,GK,Minnesota Utd,30,1988,34,34,3060,34,0,0,0,0,0,0,0,0,0,0,0,0,0,0,0.2,0.2,0,0.01,0.01,0,0.01,Matches,c4173f1a
362,Mauro Manotas,co COL,FW,Houston Dynamo,23,1995,32,28,2530,28.1,13,7,12,1,2,1,0,0.46,0.25,0.71,0.43,0.68,14.6,13.1,5.6,18.7,0.52,0.2,0.72,0.47,0.67,Matches,89a5efd3
363,Paul Marie,fr FRA,DF,San Jose,23,1995,9,3,349,3.9,0,1,0,0,0,1,0,0,0.26,0.26,0,0.26,0.4,0.4,0.4,0.8,0.11,0.1,0.21,0.11,0.21,Matches,da0bb55a
364,Chad Marshall,us USA,DF,Seattle,34,1984,8,8,720,8,0,0,0,0,0,0,0,0,0,0,0,0,0.3,0.3,0.6,0.9,0.04,0.07,0.11,0.04,0.11,Matches,ba82008e
365,Collin Martin,us USA,MF,Minnesota Utd,24,1994,3,2,184,2,0,1,0,0,0,0,0,0,0.49,0.49,0,0.49,0,0,0.3,0.3,0.01,0.16,0.17,0.01,0.17,Matches,027c0f1a
366,Cristian Martínez,pa PAN,FWMF,Chicago Fire,21,1997,5,0,55,0.6,0,0,0,0,0,0,0,0,0,0,0,0,0.1,0.1,0,0.1,0.16,0.06,0.22,0.16,0.22,Matches,fdb15495
367,Douglas Martinez,hn HON,FW,Real Salt Lake,21,1997,1,1,63,0.7,0,0,0,0,0,0,0,0,0,0,0,0,0,0,0,0,0.07,0,0.07,0.07,0.07,Matches,3e7ebb9a
368,Josef Martínez,ve VEN,FW,Atlanta Utd,25,1993,29,29,2578,28.6,27,3,22,5,6,1,0,0.94,0.1,1.05,0.77,0.87,23.3,18.9,3,21.9,0.81,0.11,0.92,0.66,0.77,Matches,e73f0aa1
369,Tomás Martínez,ar ARG,MFFW,Houston Dynamo,23,1995,33,30,2313,25.7,5,2,5,0,0,2,0,0.19,0.08,0.27,0.19,0.27,3.4,3.4,2.6,6,0.13,0.1,0.23,0.13,0.23,Matches,cc6cf17f
370,Luís Martins,pt POR,DF,Sporting KC,26,1992,10,9,830,9.2,0,0,0,0,0,2,0,0,0,0,0,0,0.2,0.2,0.6,0.8,0.02,0.06,0.08,0.02,0.08,Matches,56b7c09b
371,Rónald Matarrita,cr CRC,DF,NYCFC,24,1994,24,24,1973,21.9,1,1,1,0,0,7,1,0.05,0.05,0.09,0.05,0.09,1.5,1.5,2.5,4,0.07,0.12,0.19,0.07,0.19,Matches,491862dd
372,Darren Mattocks,jm JAM,FW,FC Cincinnati,28,1990,21,13,1273,14.1,3,3,2,1,1,0,0,0.21,0.21,0.42,0.14,0.35,3.6,2.8,2.5,5.3,0.25,0.18,0.43,0.2,0.38,Matches,b9b461b9
373,Jimmy Maurer,us USA,GK,FC Dallas,30,1988,2,2,180,2,0,0,0,0,0,0,0,0,0,0,0,0,0,0,0,0,0,0,0,0,0,Matches,ca1c6f3d
374,Chris Mavinga,cd COD,DF,Toronto FC,27,1991,26,24,2112,23.5,0,1,0,0,0,5,0,0,0.04,0.04,0,0.04,0.1,0.1,0.2,0.3,0,0.01,0.01,0,0.01,Matches,fda36cfb
375,Olivier Mbaizo,cm CMR,DF,Philadelphia,21,1997,3,2,196,2.2,0,1,0,0,0,0,0,0,0.46,0.46,0,0.46,0.1,0.1,0.4,0.5,0.05,0.16,0.21,0.05,0.21,Matches,f6315619
376,Thomas McCabe,us USA,MF,FC Cincinnati,20,1998,6,2,247,2.7,0,0,0,0,0,0,0,0,0,0,0,0,0.1,0.1,0,0.1,0.03,0,0.03,0.03,0.03,Matches,ecbca580
377,Chris McCann,ie IRL,DFMF,D.C. United,31,1987,6,4,318,3.5,0,0,0,0,0,0,0,0,0,0,0,0,0,0,0,0,0,0,0,0,0,Matches,a6fdaa90
378,Dax McCarty,us USA,MF,Chicago Fire,31,1987,32,32,2846,31.6,1,2,1,0,0,4,0,0.03,0.06,0.09,0.03,0.09,2.2,2.2,1.7,3.9,0.07,0.05,0.13,0.07,0.13,Matches,b74e58c0
379,Brendan McDonough,us USA,DF,Vancouver,22,1996,1,1,65,0.7,0,0,0,0,0,0,0,0,0,0,0,0,0,0,0,0,0,0,0,0,0,Matches,4c8180ec
380,Mark McKenzie,us USA,DF,Philadelphia,19,1999,7,6,537,6,0,0,0,0,0,0,0,0,0,0,0,0,0.1,0.1,0,0.1,0.01,0,0.01,0.01,0.01,Matches,a5f5d094
381,Thomas McNamara,us USA,MFFW,Houston Dynamo,27,1991,33,15,1540,17.1,2,3,2,0,0,3,0,0.12,0.18,0.29,0.12,0.29,2.2,2.2,1.6,3.9,0.13,0.1,0.23,0.13,0.23,Matches,ab36595d
382,Ryan Meara,us USA,GK,NY Red Bulls,28,1990,1,1,90,1,0,0,0,0,0,0,0,0,0,0,0,0,0,0,0,0,0,0,0,0,0,Matches,18f0723b
383,Jesús Medina,py PAR,MFFW,NYCFC,21,1997,18,6,734,8.2,3,1,2,1,1,1,0,0.37,0.12,0.49,0.25,0.37,3.6,2.9,1,3.9,0.45,0.12,0.57,0.35,0.47,Matches,7c4628c4
384,Jimmy Medranda,co COL,FWMF,Sporting KC,24,1994,10,2,183,2,0,1,0,0,0,1,0,0,0.49,0.49,0,0.49,0.3,0.3,0.2,0.5,0.14,0.1,0.24,0.14,0.24,Matches,6f7ac622
385,Haris Medunjanin,ba BIH,MF,Philadelphia,33,1985,34,34,3060,34,1,4,1,0,0,6,0,0.03,0.12,0.15,0.03,0.15,1.2,1.2,5.7,6.9,0.03,0.17,0.2,0.03,0.2,Matches,de5d5d41
386,Lucas Melano,ar ARG,FW,Portland Timbers,25,1993,8,1,127,1.4,0,0,0,0,0,1,0,0,0,0,0,0,0.3,0.3,0.1,0.4,0.23,0.07,0.3,0.23,0.3,Matches,d7cca61a
387,Tim Melia,us USA,GK,Sporting KC,32,1986,32,32,2880,32,0,0,0,0,0,3,0,0,0,0,0,0,0,0,0,0,0,0,0,0,0,Matches,cc741f50
388,Jhegson Méndez,ec ECU,MF,Orlando City,21,1997,22,20,1787,19.9,0,0,0,0,0,7,0,0,0,0,0,0,0.6,0.6,0.2,0.8,0.03,0.01,0.04,0.03,0.04,Matches,db0c5324
389,Jonathan Mensah,gh GHA,DF,Columbus Crew,28,1990,24,23,2152,23.9,0,0,0,0,0,7,0,0,0,0,0,0,0.6,0.6,0,0.6,0.02,0,0.03,0.02,0.03,Matches,8087e6cb
390,Justin Meram,iq IRQ,FW,Columbus Crew,30,1988,9,4,380,4.2,0,0,0,0,0,0,0,0,0,0,0,0,0.5,0.5,0.1,0.6,0.12,0.02,0.14,0.12,0.14,Matches,ae34c71d
391,Justin Meram,iq IRQ,DFFW,Atlanta Utd,30,1988,20,14,1265,14.1,4,0,4,0,0,3,0,0.28,0,0.28,0.28,0.28,2.1,2.1,2.5,4.6,0.15,0.18,0.33,0.15,0.33,Matches,ae34c71d
392,Romain Métanire,mg MAD,DF,Minnesota Utd,28,1990,27,27,2430,27,1,4,1,0,0,5,0,0.04,0.15,0.19,0.04,0.19,0.3,0.3,3.5,3.8,0.01,0.13,0.14,0.01,0.14,Matches,0fb21da9
393,Nicolás Mezquida,uy URU,MFFW,Colorado Rapids,27,1992,32,11,1418,15.8,4,3,3,1,1,4,0,0.25,0.19,0.44,0.19,0.38,4.3,3.5,3.4,6.9,0.27,0.22,0.49,0.22,0.44,Matches,00b629e1
394,Benji Michel,us USA,FWMF,Orlando City,21,1997,17,9,947,10.5,5,1,5,0,0,0,0,0.48,0.1,0.57,0.48,0.57,2.9,2.9,0.4,3.3,0.27,0.04,0.31,0.27,0.31,Matches,151ca25f
395,Djordje Mihailovic,us USA,MF,Chicago Fire,20,1998,27,16,1450,16.1,3,1,3,0,0,4,0,0.19,0.06,0.25,0.19,0.25,1.9,1.9,2.4,4.3,0.13,0.16,0.29,0.13,0.29,Matches,83cf9719
396,Eric Miller,us USA,DF,NYCFC,26,1993,5,4,328,3.6,0,0,0,0,0,2,0,0,0,0,0,0,0.2,0.2,0,0.2,0.06,0,0.06,0.06,0.06,Matches,c0593f5d
397,Eric Miller,us USA,DF,Minnesota Utd,26,1993,6,5,435,4.8,0,0,0,0,0,0,0,0,0,0,0,0,0.3,0.3,0.1,0.3,0.05,0.01,0.06,0.05,0.06,Matches,c0593f5d
398,Kamal Miller,ca CAN,DF,Orlando City,21,1997,16,14,1350,15,0,0,0,0,0,1,0,0,0,0,0,0,0,0,0.2,0.2,0,0.01,0.01,0,0.01,Matches,0646bd8a
399,Tyler Miller,us USA,GK,Los Angeles FC,25,1993,28,28,2520,28,0,0,0,0,0,1,0,0,0,0,0,0,0,0,0,0,0,0,0,0,0,Matches,7827a6b3
400,Alexandru Mitri?a,ro ROU,FWMF,NYCFC,23,1995,29,24,2127,23.6,12,2,12,0,0,2,0,0.51,0.08,0.59,0.51,0.59,7.7,7.7,3.5,11.2,0.33,0.15,0.47,0.33,0.47,Matches,49db4b16
401,Wilfried Moimbé,fr FRA,DFFW,Minnesota Utd,30,1988,4,4,335,3.7,0,0,0,0,0,0,0,0,0,0,0,0,0,0,0.1,0.1,0.01,0.02,0.02,0.01,0.02,Matches,65c25d8f
402,Youness Mokhtar,ma MAR,FW,Columbus Crew,27,1991,8,5,440,4.9,1,0,1,0,0,1,0,0.2,0,0.2,0.2,0.2,1,1,1.5,2.5,0.21,0.3,0.51,0.21,0.51,Matches,dac48f63
403,Kevin Molino,tt TRI,FWMF,Minnesota Utd,28,1990,17,11,907,10.1,3,4,3,0,0,1,0,0.3,0.4,0.69,0.3,0.69,4.1,4.1,3,7.1,0.41,0.3,0.71,0.41,0.71,Matches,371645ca
404,Mohamed El Monir,ly LBY,DF,Los Angeles FC,26,1992,15,4,590,6.6,1,0,1,0,0,2,0,0.15,0,0.15,0.15,0.15,0.6,0.6,1.4,2,0.09,0.21,0.3,0.09,0.3,Matches,2aa8fc33
405,Jamiro Monteiro,cv CPV,MF,Philadelphia,25,1993,26,22,2049,22.8,4,7,2,2,3,3,0,0.18,0.31,0.48,0.09,0.4,5.6,3.3,4.7,7.9,0.24,0.2,0.45,0.14,0.35,Matches,d384bddd
406,Fredy Montero,co COL,FWMF,Vancouver,31,1987,32,22,2096,23.3,8,2,4,4,4,1,1,0.34,0.09,0.43,0.17,0.26,7.5,4.5,2.3,6.9,0.32,0.1,0.42,0.19,0.29,Matches,bc5b5be5
407,Drew Moor,us USA,DF,Toronto FC,35,1984,13,11,1024,11.4,0,0,0,0,0,2,0,0,0,0,0,0,0.1,0.1,0,0.1,0.01,0,0.01,0.01,0.01,Matches,220cf869
408,Joseph Mora,cr CRC,DF,D.C. United,26,1993,20,18,1594,17.7,0,1,0,0,0,3,0,0,0.06,0.06,0,0.06,0.1,0.1,1.4,1.5,0.01,0.08,0.09,0.01,0.09,Matches,2af71023
409,Maximiliano Moralez,ar ARG,MFFW,NYCFC,31,1987,29,28,2431,27,7,12,3,4,8,7,0,0.26,0.44,0.7,0.11,0.56,9.2,3.9,8.9,12.9,0.35,0.34,0.7,0.15,0.49,Matches,f99f37fc
410,Jorge Moreira,py PAR,DF,Portland Timbers,28,1990,26,25,2231,24.8,2,2,2,0,0,7,0,0.08,0.08,0.16,0.08,0.16,1.2,1.2,2.5,3.7,0.05,0.1,0.15,0.05,0.15,Matches,452256d3
411,Amando Moreno,sv SLV,FWMF,Chicago Fire,23,1995,7,0,82,0.9,0,0,0,0,0,0,0,0,0,0,0,0,1,1,0.5,1.5,1.66,0.9,2.56,1.66,2.56,Matches,9dc9b03f
412,Junior Moreno,ve VEN,MF,D.C. United,25,1993,29,29,2549,28.3,0,2,0,0,0,3,1,0,0.07,0.07,0,0.07,0.6,0.6,2.1,2.7,0.02,0.07,0.1,0.02,0.1,Matches,5dcb4ac4
413,Ashtone Morgan,ca CAN,DFMF,Toronto FC,27,1991,9,3,313,3.5,1,0,1,0,0,1,0,0.29,0,0.29,0.29,0.29,0.4,0.4,0,0.4,0.12,0,0.12,0.12,0.12,Matches,caece619
414,Jordan Morris,us USA,FW,Seattle,24,1994,26,24,2036,22.6,10,6,10,0,0,2,0,0.44,0.27,0.71,0.44,0.71,8.4,8.4,4.1,12.5,0.37,0.18,0.55,0.37,0.55,Matches,bd298d0d
415,Justin Morrow,us USA,DF,Toronto FC,31,1987,28,26,2348,26.1,1,3,1,0,0,2,1,0.04,0.11,0.15,0.04,0.15,1.2,1.2,2.5,3.7,0.05,0.09,0.14,0.05,0.14,Matches,0bee5512
416,João Moutinho,pt POR,DF,Orlando City,21,1998,16,15,1220,13.6,0,2,0,0,0,1,0,0,0.15,0.15,0,0.15,0.7,0.7,1.4,2.1,0.05,0.1,0.15,0.05,0.15,Matches,a0aee24e
417,Chris Mueller,us USA,FWMF,Orlando City,22,1996,29,16,1370,15.2,5,3,5,0,0,1,0,0.33,0.2,0.53,0.33,0.53,2.1,2.1,3.6,5.6,0.14,0.23,0.37,0.14,0.37,Matches,a5334099
418,George Mukumbilwa,ca CAN,MF,Vancouver,19,1999,1,0,10,0.1,0,0,0,0,0,0,0,0,0,0,0,0,0,0,0,0,0,0,0,0,0,Matches,684bf372
419,Luke Mulholland,eng ENG,MF,Real Salt Lake,30,1988,1,0,20,0.2,0,0,0,0,0,0,0,0,0,0,0,0,0,0,0,0,0,0,0,0,0,Matches,c1a723ec
420,Patrick Mullins,us USA,FWMF,Columbus Crew,26,1992,9,2,202,2.2,0,0,0,0,0,0,0,0,0,0,0,0,0.3,0.3,0.1,0.4,0.14,0.05,0.18,0.14,0.18,Matches,a03a84d3
421,Patrick Mullins,us USA,FW,Toronto FC,26,1992,8,4,348,3.9,2,0,2,0,0,0,0,0.52,0,0.52,0.52,0.52,1.1,1.1,0.3,1.3,0.28,0.07,0.34,0.28,0.34,Matches,a03a84d3
422,Alex Muyl,us USA,FWDF,NY Red Bulls,23,1995,24,17,1398,15.5,3,2,3,0,0,4,0,0.19,0.13,0.32,0.19,0.32,2.8,2.8,2.5,5.3,0.18,0.16,0.34,0.18,0.34,Matches,2c1025bf
423,Darlington Nagbe,us USA,MF,Atlanta Utd,28,1990,33,32,2822,31.4,2,4,2,0,0,2,0,0.06,0.13,0.19,0.06,0.19,1.1,1.1,3.6,4.8,0.04,0.12,0.15,0.04,0.15,Matches,6219c704
424,Nani,pt POR,FWMF,Orlando City,32,1986,30,26,2273,25.3,12,5,9,3,5,4,0,0.48,0.2,0.67,0.36,0.55,7.9,4,6.7,10.7,0.31,0.27,0.58,0.16,0.42,Matches,15e9c7e6
425,Sean Nealis,us USA,DF,NY Red Bulls,22,1997,9,3,457,5.1,1,0,1,0,0,1,0,0.2,0,0.2,0.2,0.2,0.2,0.2,0,0.2,0.04,0,0.04,0.04,0.04,Matches,8c1b17b3
426,John Nelson,us USA,DF,FC Dallas,20,1998,9,4,455,5.1,0,0,0,0,0,0,0,0,0,0,0,0,0.1,0.1,0.3,0.4,0.02,0.07,0.09,0.02,0.09,Matches,df8c4d49
427,Krisztián Németh,hu HUN,FW,Sporting KC,30,1989,24,18,1559,17.3,8,2,8,0,1,5,1,0.46,0.12,0.58,0.46,0.58,10.1,9.4,2.1,11.5,0.58,0.12,0.71,0.54,0.66,Matches,e1f5275f
428,Jake Nerwinski,us USA,DF,Vancouver,24,1994,26,24,2021,22.5,1,0,1,0,0,1,0,0.04,0,0.04,0.04,0.04,0.3,0.3,0.5,0.8,0.01,0.02,0.03,0.01,0.03,Matches,2b5801d0
429,Michee Ngalina,cd COD,FWMF,Philadelphia,18,2000,1,0,10,0.1,0,0,0,0,0,0,0,0,0,0,0,0,0,0,0,0,0,0,0,0,0,Matches,9837830f
430,Lee Nguyen,us USA,MF,Los Angeles FC,32,1986,23,11,1178,13.1,0,4,0,0,0,3,0,0,0.31,0.31,0,0.31,1.1,1.1,3.2,4.2,0.08,0.24,0.32,0.08,0.32,Matches,35feb4cd
431,Sam Nicholson,sct SCO,FWMF,Colorado Rapids,24,1995,27,19,1770,19.7,2,3,2,0,0,2,0,0.1,0.15,0.25,0.1,0.25,3.7,3.7,2.6,6.3,0.19,0.13,0.32,0.19,0.32,Matches,8c8ac996
432,Gonzalo Nicolás Martínez,ar ARG,FWMF,Atlanta Utd,25,1993,32,26,2140,23.8,5,7,3,2,3,2,0,0.21,0.29,0.5,0.13,0.42,7.9,5.6,6.1,11.7,0.33,0.26,0.59,0.24,0.49,Matches,cd00ceea
433,Nemanja Nikolic,hu HUN,FW,Chicago Fire,31,1987,31,25,1991,22.1,12,0,10,2,2,3,0,0.54,0,0.54,0.45,0.45,12.6,11.1,2.4,13.4,0.59,0.11,0.7,0.52,0.63,Matches,e24a8b47
434,Harry Novillo,fr FRA,FW,Montreal Impact,26,1992,11,5,441,4.9,1,2,1,0,0,1,0,0.2,0.41,0.61,0.2,0.61,0.4,0.4,0.6,1,0.09,0.12,0.2,0.09,0.2,Matches,6f7ce00a
435,Shane O'Neill,us USA,DF,Orlando City,25,1993,11,8,839,9.3,0,0,0,0,0,2,0,0,0,0,0,0,0.1,0.1,0.5,0.6,0.01,0.06,0.07,0.01,0.07,Matches,a62a56b4
436,Alfonso Ocampo-Chavez,us USA,FW,Seattle,16,2002,3,1,82,0.9,0,0,0,0,0,0,0,0,0,0,0,0,0.1,0.1,0.1,0.2,0.1,0.11,0.21,0.1,0.21,Matches,585cba12
437,Chris Odoi-Atsem,us USA,DF,D.C. United,23,1995,3,1,135,1.5,0,0,0,0,0,0,0,0,0,0,0,0,0,0,0,0,0,0,0,0,0,Matches,375ec69e
438,Ebenezer Ofori,gh GHA,MF,NYCFC,23,1995,20,14,1261,14,2,0,2,0,0,2,0,0.14,0,0.14,0.14,0.14,0.4,0.4,0.3,0.7,0.03,0.03,0.06,0.03,0.06,Matches,a5d77c4e
439,Orji Okwonkwo,ng NGA,FWMF,Montreal Impact,21,1998,28,24,1769,19.7,8,2,8,0,0,4,0,0.41,0.1,0.51,0.41,0.51,6,6,2.2,8.2,0.3,0.11,0.42,0.3,0.42,Matches,905a4f61
440,Lawrence Olum,ke KEN,MF,Minnesota Utd,34,1984,10,5,547,6.1,0,1,0,0,0,0,0,0,0.16,0.16,0,0.16,0.4,0.4,0.1,0.4,0.06,0.01,0.07,0.06,0.07,Matches,3f2116ff
441,Zdenek Ondrášek,cz CZE,FW,FC Dallas,30,1988,18,8,751,8.3,7,2,7,0,0,2,0,0.84,0.24,1.08,0.84,1.08,4.5,4.5,1.2,5.7,0.54,0.14,0.69,0.54,0.69,Matches,8d120526
442,Nedum Onuoha,eng ENG,DF,Real Salt Lake,32,1986,27,26,2336,26,1,0,1,0,0,2,0,0.04,0,0.04,0.04,0.04,0.7,0.7,0.3,1,0.03,0.01,0.04,0.03,0.04,Matches,b28a0b5a
443,Ike Opara,us USA,DF,Minnesota Utd,29,1989,30,29,2566,28.5,3,1,3,0,0,4,0,0.11,0.04,0.14,0.11,0.14,2.1,2.1,1,3.1,0.07,0.04,0.11,0.07,0.11,Matches,6f1d6006
444,Kofi Opare,ca CAN,DF,Colorado Rapids,28,1990,3,3,270,3,0,0,0,0,0,0,0,0,0,0,0,0,0.1,0.1,0,0.1,0.03,0,0.03,0.03,0.03,Matches,877286b4
445,Jonathan Osorio,ca CAN,MFFW,Toronto FC,26,1992,24,18,1757,19.5,5,3,5,0,1,2,0,0.26,0.15,0.41,0.26,0.41,4.3,3.5,1.9,5.3,0.22,0.1,0.31,0.18,0.27,Matches,70106ff6
446,David Ousted,dk DEN,GK,Chicago Fire,33,1985,14,14,1260,14,0,0,0,0,0,0,0,0,0,0,0,0,0,0,0,0,0,0,0,0,0,Matches,28269907
447,Juan Pablo Torres,us USA,FW,NYCFC,19,1999,1,0,1,0,0,0,0,0,0,0,0,0,0,0,0,0,0,0,0,0,0,0,0,0,0,Matches,b57d06fd
448,Diego Palacios,ec ECU,DF,Los Angeles FC,19,1999,2,1,92,1,0,0,0,0,0,0,0,0,0,0,0,0,0.2,0.2,0,0.2,0.17,0,0.17,0.17,0.17,Matches,6ec37f2e
449,Cristhian Paredes,py PAR,MF,Portland Timbers,20,1998,22,19,1647,18.3,4,2,4,0,0,2,0,0.22,0.11,0.33,0.22,0.33,3.2,3.2,1.6,4.7,0.17,0.09,0.26,0.17,0.26,Matches,0d8a2551
450,Tim Parker,us USA,DF,NY Red Bulls,25,1993,31,26,2388,26.5,0,0,0,0,0,5,1,0,0,0,0,0,1.3,1.3,0.2,1.5,0.05,0.01,0.06,0.05,0.06,Matches,4988a44d
451,Michael Parkhurst,us USA,DF,Atlanta Utd,35,1984,20,15,1444,16,0,0,0,0,0,3,0,0,0,0,0,0,0.2,0.2,0.5,0.8,0.02,0.03,0.05,0.02,0.05,Matches,602e2c34
452,Keaton Parks,us USA,MF,NYCFC,21,1997,22,14,1322,14.7,1,1,1,0,0,3,0,0.07,0.07,0.14,0.07,0.14,2,2,1.7,3.8,0.14,0.12,0.26,0.14,0.26,Matches,77986763
453,Kevin Partida,us USA,FWMF,San Jose,23,1995,1,0,1,0,0,0,0,0,0,0,0,0,0,0,0,0,0,0,0,0,0,0,0,0,0,Matches,dac1adc3
454,Santiago Patiño,us USA,FW,Orlando City,21,1997,11,3,328,3.6,2,1,2,0,0,1,0,0.55,0.27,0.82,0.55,0.82,2.2,2.2,1,3.2,0.59,0.29,0.88,0.59,0.88,Matches,70cb3cf1
455,Cristian Pavón,ar ARG,FW,LA Galaxy,23,1996,11,11,971,10.8,3,4,3,0,0,1,0,0.28,0.37,0.65,0.28,0.65,2.9,2.9,3.8,6.6,0.26,0.35,0.61,0.26,0.61,Matches,a664b026
456,PC,br BRA,FWDF,Vancouver,24,1994,18,9,814,9,0,1,0,0,0,4,0,0,0.11,0.11,0,0.11,0.6,0.6,0.7,1.3,0.07,0.07,0.14,0.07,0.14,Matches,18d94cb0
457,Marquinhos Pedroso,br BRA,DF,FC Dallas,25,1993,2,1,118,1.3,0,0,0,0,0,0,0,0,0,0,0,0,0,0,0,0,0.03,0,0.03,0.03,0.03,Matches,ae0779f6
458,Marquinhos Pedroso,br BRA,DF,D.C. United,25,1993,4,3,285,3.2,0,0,0,0,0,0,0,0,0,0,0,0,0,0,0.1,0.1,0.02,0.03,0.05,0.02,0.05,Matches,ae0779f6
459,Ronaldo Peña,ve VEN,FWMF,Houston Dynamo,21,1997,4,2,159,1.8,0,0,0,0,0,3,0,0,0,0,0,0,0.1,0.1,0.1,0.2,0.08,0.05,0.13,0.08,0.13,Matches,e9b0ad3d
460,Cristian Penilla,ec ECU,MFFW,New England,27,1991,30,18,1784,19.8,6,5,6,0,0,2,0,0.3,0.25,0.55,0.3,0.55,6.6,6.6,4.7,11.2,0.33,0.24,0.57,0.33,0.57,Matches,64d36568
461,Ricardo Pepi,us USA,MFFW,FC Dallas,16,2003,7,0,78,0.9,0,0,0,0,0,0,0,0,0,0,0,0,0.4,0.4,0.7,1.1,0.41,0.82,1.23,0.41,1.23,Matches,a2b1ed42
462,Dion Pereira,eng ENG,FWDF,Atlanta Utd,19,1999,18,7,671,7.5,0,1,0,0,0,0,0,0,0.13,0.13,0,0.13,0.2,0.2,1.1,1.3,0.03,0.15,0.18,0.03,0.18,Matches,8aab04dc
463,Mauricio Pereyra,uy URU,MFFW,Orlando City,28,1990,6,5,392,4.4,0,2,0,0,0,1,0,0,0.46,0.46,0,0.46,0.1,0.1,1.5,1.6,0.02,0.34,0.36,0.02,0.36,Matches,f45eb18d
464,Adrien Perez,us USA,FWMF,Los Angeles FC,23,1995,12,1,215,2.4,1,0,1,0,0,0,0,0.42,0,0.42,0.42,0.42,1.5,1.5,0.2,1.7,0.64,0.07,0.71,0.64,0.71,Matches,298a167b
465,Javier Pérez,es ESP,MF,Los Angeles FC,22,1996,1,0,13,0.1,0,0,0,0,0,0,0,0,0,0,0,0,0,0,0,0,0.16,0.18,0.34,0.16,0.34,Matches,5b43a97f
466,Joshua Pérez,sv SLV,FWMF,Los Angeles FC,21,1998,13,4,457,5.1,1,1,1,0,0,0,0,0.2,0.2,0.39,0.2,0.39,2.5,2.5,0.4,2.9,0.5,0.07,0.57,0.5,0.57,Matches,b207c92c
467,Ignacio Piatti,ar ARG,FW,Montreal Impact,33,1985,11,9,754,8.4,3,1,3,0,0,1,0,0.36,0.12,0.48,0.36,0.48,2.1,2.1,0.8,2.9,0.25,0.1,0.35,0.25,0.35,Matches,ece7bafd
468,Fafà Picault,us USA,FW,Philadelphia,27,1991,32,21,1862,20.7,4,4,4,0,0,4,0,0.19,0.19,0.39,0.19,0.39,7,7,2.8,9.7,0.34,0.13,0.47,0.34,0.47,Matches,dbaa10c0
469,Samuel Piette,ca CAN,MF,Montreal Impact,24,1994,25,25,2219,24.7,0,0,0,0,0,6,0,0,0,0,0,0,0.5,0.5,0.8,1.3,0.02,0.03,0.05,0.02,0.05,Matches,bc33c73b
470,Donovan Pines,us USA,DF,D.C. United,20,1998,10,9,785,8.7,0,1,0,0,0,1,0,0,0.11,0.11,0,0.11,0.3,0.3,0.2,0.5,0.03,0.03,0.06,0.03,0.06,Matches,7bd25363
471,Joao Plata,ec ECU,FWMF,Real Salt Lake,26,1992,17,2,317,3.5,1,0,0,1,1,0,0,0.28,0,0.28,0,0,1.5,0.8,0.3,1.1,0.43,0.09,0.53,0.22,0.32,Matches,a037286c
472,Florentin Pogba,gn GUI,DF,Atlanta Utd,28,1990,13,8,783,8.7,0,0,0,0,0,2,0,0,0,0,0,0,0.1,0.1,0.3,0.4,0.02,0.03,0.05,0.02,0.05,Matches,1e23a224
473,Diego Polenta,uy URU,DF,LA Galaxy,26,1992,28,28,2519,28,1,2,1,0,0,10,1,0.04,0.07,0.11,0.04,0.11,1.1,1.1,2.3,3.3,0.04,0.08,0.12,0.04,0.12,Matches,ae992d63
474,Andy Polo,pe PER,MFFW,Portland Timbers,24,1994,19,12,1047,11.6,0,1,0,0,0,1,0,0,0.09,0.09,0,0.09,0.8,0.8,1.2,1.9,0.06,0.1,0.17,0.06,0.17,Matches,d886b9b9
475,Paxton Pomykal,us USA,MF,FC Dallas,19,1999,25,20,1878,20.9,2,2,2,0,0,4,0,0.1,0.1,0.19,0.1,0.19,2.3,2.3,3.2,5.5,0.11,0.15,0.26,0.11,0.26,Matches,c1f0fb45
476,Chris Pontius,us USA,FW,LA Galaxy,31,1987,18,6,703,7.8,2,2,2,0,0,0,0,0.26,0.26,0.51,0.26,0.51,2.6,2.6,2,4.6,0.34,0.25,0.59,0.34,0.59,Matches,be30178e
477,Justin Portillo,us USA,MF,Real Salt Lake,26,1992,4,2,194,2.2,0,0,0,0,0,1,1,0,0,0,0,0,0,0,0,0,0,0,0,0,0,Matches,b7aa9657
478,Alvas Powell,jm JAM,DF,FC Cincinnati,24,1994,13,10,969,10.8,0,0,0,0,0,1,0,0,0,0,0,0,0.5,0.5,0.5,0.9,0.04,0.04,0.09,0.04,0.09,Matches,2f91124d
479,Dillon Powers,us USA,MF,Orlando City,27,1991,7,7,619,6.9,0,1,0,0,0,0,0,0,0.15,0.15,0,0.15,0.1,0.1,0.3,0.4,0.01,0.04,0.05,0.01,0.05,Matches,35f79831
480,Alejandro Pozuelo,es ESP,MFFW,Toronto FC,27,1991,30,28,2518,28,12,7,7,5,6,5,1,0.43,0.25,0.68,0.25,0.5,9,4.4,7.5,11.9,0.32,0.27,0.59,0.16,0.42,Matches,5e1280ff
481,Jack Price,eng ENG,MF,Colorado Rapids,26,1992,27,25,2226,24.7,1,10,1,0,0,9,1,0.04,0.4,0.44,0.04,0.44,0.2,0.2,6,6.2,0.01,0.24,0.25,0.01,0.25,Matches,6217c92d
482,Kacper Przybylko,pl POL,FW,Philadelphia,25,1993,26,25,2241,24.9,15,4,15,0,1,5,0,0.6,0.16,0.76,0.6,0.76,12.3,11.5,3.3,14.8,0.49,0.13,0.62,0.46,0.59,Matches,4c53a714
483,Andrew Putna,us USA,GK,Real Salt Lake,24,1994,5,5,450,5,0,0,0,0,0,1,0,0,0,0,0,0,0,0,0.1,0.1,0,0.02,0.02,0,0.02,Matches,5ba8a3f3
484,Valeri Qazaishvili,ge GEO,FWMF,San Jose,26,1993,32,24,2094,23.3,8,5,8,0,0,1,0,0.34,0.21,0.56,0.34,0.56,6.9,6.9,3,9.9,0.29,0.13,0.42,0.29,0.42,Matches,c8c03e98
485,Darwin Quintero,co COL,MFFW,Minnesota Utd,31,1987,30,26,2197,24.4,10,5,7,3,4,5,0,0.41,0.2,0.61,0.29,0.49,11.6,8.5,5,13.5,0.47,0.2,0.68,0.35,0.55,Matches,0cc00553
486,Romell Quioto,hn HON,FW,Houston Dynamo,27,1991,18,8,796,8.8,2,2,1,1,1,5,1,0.23,0.23,0.45,0.11,0.34,2.3,1.6,2.6,4.1,0.26,0.29,0.55,0.18,0.47,Matches,122e850d
487,Jukka Raitala,fi FIN,DF,Montreal Impact,30,1988,26,23,2084,23.2,0,0,0,0,0,2,0,0,0,0,0,0,0.1,0.1,0.4,0.4,0,0.02,0.02,0,0.02,Matches,67b054d1
488,Christian Ramirez,us USA,FWMF,Houston Dynamo,27,1991,10,7,674,7.5,5,1,5,0,0,0,0,0.67,0.13,0.8,0.67,0.8,3.7,3.7,0.8,4.5,0.49,0.11,0.6,0.49,0.6,Matches,316d5521
489,Christian Ramirez,us USA,FW,Los Angeles FC,27,1991,17,13,948,10.5,4,2,4,0,0,0,0,0.38,0.19,0.57,0.38,0.57,5.8,5.8,1.3,7.2,0.55,0.13,0.68,0.55,0.68,Matches,316d5521
490,Greg Ranjitsingh,tt TRI,GK,Orlando City,25,1993,2,2,180,2,0,0,0,0,0,0,0,0,0,0,0,0,0,0,0,0,0,0,0,0,0,Matches,4b1cbf4d
491,Matthew Real,us USA,DFMF,Philadelphia,19,1999,3,1,68,0.8,0,1,0,0,0,1,0,0,1.32,1.32,0,1.32,0.1,0.1,0.2,0.4,0.19,0.29,0.48,0.19,0.48,Matches,1c2c030a
492,Eric Remedi,ar ARG,MF,Atlanta Utd,23,1995,28,25,2050,22.8,0,1,0,0,0,6,0,0,0.04,0.04,0,0.04,0.6,0.6,1,1.6,0.02,0.05,0.07,0.02,0.07,Matches,38e2cbd6
493,Justin Rennicks,us USA,FW,New England,19,1999,2,1,105,1.2,0,0,0,0,0,0,0,0,0,0,0,0,0.5,0.5,0,0.5,0.44,0.02,0.46,0.44,0.46,Matches,0aaa1c04
494,Yordy Reyna,pe PER,FWMF,Vancouver,25,1993,25,22,1988,22.1,7,1,7,0,1,5,0,0.32,0.05,0.36,0.32,0.36,4.6,3.9,2.8,6.7,0.21,0.13,0.34,0.18,0.3,Matches,eec316d9
495,Bryan Reynolds,us USA,FWDF,FC Dallas,17,2001,10,1,119,1.3,0,1,0,0,0,0,0,0,0.76,0.76,0,0.76,0.1,0.1,0.3,0.3,0.04,0.21,0.25,0.04,0.25,Matches,2306bf5c
496,Spencer Richey,us USA,GK,FC Cincinnati,26,1992,19,19,1710,19,0,0,0,0,0,1,0,0,0,0,0,0,0,0,0,0,0,0,0,0,0,Matches,d9178ea2
497,Tosaint Ricketts,ca CAN,FW,Vancouver,31,1987,8,6,479,5.3,1,1,1,0,0,1,0,0.19,0.19,0.38,0.19,0.38,2.3,2.3,0.2,2.5,0.44,0.03,0.47,0.44,0.47,Matches,54769358
498,Nick Rimando,us USA,GK,Real Salt Lake,39,1979,29,29,2610,29,0,0,0,0,0,1,0,0,0,0,0,0,0,0,0,0,0,0,0,0,0,Matches,cf975d73
499,Alexander Ring,fi FIN,MF,NYCFC,27,1991,31,31,2790,31,4,4,4,0,0,12,0,0.13,0.13,0.26,0.13,0.26,3.2,3.2,2.4,5.6,0.11,0.08,0.19,0.11,0.19,Matches,6c1221d6
500,Andrés Ríos,ar ARG,MFFW,San Jose,29,1989,10,1,270,3,1,0,1,0,0,1,0,0.33,0,0.33,0.33,0.33,0.6,0.6,0.7,1.3,0.2,0.23,0.43,0.2,0.43,Matches,f825bd33
501,Thomas Roberts,us USA,MFFW,FC Dallas,17,2001,6,3,237,2.6,0,0,0,0,0,0,0,0,0,0,0,0,0.1,0.1,0.3,0.4,0.03,0.13,0.16,0.03,0.16,Matches,a876e927
502,Robinho,br BRA,FW,Columbus Crew,24,1995,19,13,1112,12.4,0,2,0,0,0,0,0,0,0.16,0.16,0,0.16,2.1,2.1,1.5,3.7,0.17,0.12,0.3,0.17,0.3,Matches,d6d16e83
503,Robinho,br BRA,FW,Orlando City,24,1995,6,3,234,2.6,0,0,0,0,0,0,0,0,0,0,0,0,0.4,0.4,0.1,0.5,0.14,0.04,0.18,0.14,0.18,Matches,d6d16e83
504,Jalen Robinson,us USA,DF,D.C. United,24,1994,10,5,414,4.6,0,0,0,0,0,0,0,0,0,0,0,0,0,0,0,0.1,0.01,0.01,0.01,0.01,0.01,Matches,900bc4f7
505,Miles Robinson,us USA,DF,Atlanta Utd,21,1997,34,33,2979,33.1,0,0,0,0,0,4,0,0,0,0,0,0,1.3,1.3,0.2,1.5,0.04,0,0.04,0.04,0.04,Matches,782a95d9
506,Luis Robles,us USA,GK,NY Red Bulls,34,1984,33,33,2970,33,0,0,0,0,0,4,0,0,0,0,0,0,0,0,0,0,0,0,0,0,0,Matches,15e6b513
507,Tony Rocha,bz BLZ,MFDF,NYCFC,25,1993,17,9,876,9.7,0,0,0,0,0,1,0,0,0,0,0,0,0.1,0.1,0.2,0.3,0.01,0.02,0.03,0.01,0.03,Matches,85538cdd
508,Angelo Rodríguez,co COL,FW,Minnesota Utd,29,1989,28,21,1745,19.4,5,1,4,1,1,2,0,0.26,0.05,0.31,0.21,0.26,10,9.3,1.8,11.1,0.52,0.09,0.61,0.48,0.57,Matches,0e9ea6cf
509,Brian Rodríguez,uy URU,FW,Los Angeles FC,18,2000,7,5,384,4.3,0,0,0,0,0,0,0,0,0,0,0,0,1.4,1.4,0.9,2.2,0.32,0.2,0.53,0.32,0.53,Matches,c86041d7
510,Lucas Rodríguez,ar ARG,FWMF,D.C. United,21,1997,33,31,2699,30,6,3,6,0,0,5,0,0.2,0.1,0.3,0.2,0.3,3.4,3.4,1.3,4.7,0.11,0.04,0.16,0.11,0.16,Matches,815f4240
511,Memo Rodriguez,us USA,FWMF,Houston Dynamo,23,1995,26,16,1387,15.4,7,2,7,0,0,3,0,0.45,0.13,0.58,0.45,0.58,6.2,6.2,2.3,8.5,0.4,0.15,0.55,0.4,0.55,Matches,fc6c6b2b
512,Víctor Rodríguez,es ESP,FWMF,Seattle,29,1989,17,14,1117,12.4,2,3,1,1,1,1,0,0.16,0.24,0.4,0.08,0.32,3.1,2.3,3,5.3,0.25,0.24,0.49,0.19,0.43,Matches,15781606
513,Alex Roldan,sv SLV,FWMF,Seattle,22,1996,9,5,443,4.9,0,0,0,0,0,0,0,0,0,0,0,0,0.2,0.2,0,0.3,0.05,0.01,0.06,0.05,0.06,Matches,1255a82a
514,Cristian Roldan,us USA,MFFW,Seattle,23,1995,29,29,2537,28.2,6,3,6,0,0,4,1,0.21,0.11,0.32,0.21,0.32,3.6,3.6,2.9,6.5,0.13,0.1,0.23,0.13,0.23,Matches,48875649
515,David Romney,us USA,DF,LA Galaxy,25,1993,12,10,928,10.3,0,1,0,0,0,0,0,0,0.1,0.1,0,0.1,0.8,0.8,0.5,1.2,0.07,0.05,0.12,0.07,0.12,Matches,b7b6e781
516,Eloy Room,cw CUW,GK,Columbus Crew,29,1989,12,12,1080,12,0,0,0,0,0,1,0,0,0,0,0,0,0,0,0,0,0,0,0,0,0,Matches,6b33d86b
517,Wayne Rooney,eng ENG,FW,D.C. United,33,1985,28,27,2313,25.7,11,7,7,4,4,5,2,0.43,0.27,0.7,0.27,0.54,11.1,8.1,6.2,14.3,0.43,0.24,0.67,0.32,0.55,Matches,f07be45a
518,Andy Rose,au AUS,MFDF,Vancouver,28,1990,24,20,1851,20.6,1,1,1,0,0,2,0,0.05,0.05,0.1,0.05,0.1,1.6,1.6,0,1.6,0.08,0,0.08,0.08,0.08,Matches,a16d3560
519,Oriol Rosell,es ESP,MF,Orlando City,26,1992,20,16,1466,16.3,0,0,0,0,0,6,0,0,0,0,0,0,0.6,0.6,0.3,0.8,0.03,0.02,0.05,0.03,0.05,Matches,2a17ef3e
520,Keegan Rosenberry,us USA,DF,Colorado Rapids,25,1993,34,34,3060,34,1,3,1,0,0,3,0,0.03,0.09,0.12,0.03,0.12,0.9,0.9,2.7,3.6,0.03,0.08,0.11,0.03,0.11,Matches,f940c69e
521,Diego Rossi,uy URU,FW,Los Angeles FC,20,1998,34,33,2891,32.1,16,6,16,0,0,2,0,0.5,0.19,0.68,0.5,0.68,12.2,12.2,7.8,19.9,0.38,0.24,0.62,0.38,0.62,Matches,a81dba8c
522,Brian Rowe,us USA,GK,Orlando City,30,1988,32,32,2880,32,0,0,0,0,0,1,0,0,0,0,0,0,0,0,0.2,0.2,0,0.01,0.01,0,0.01,Matches,fff21763
523,Kelyn Rowe,us USA,MF,Real Salt Lake,27,1991,4,2,181,2,0,0,0,0,0,0,0,0,0,0,0,0,0.1,0.1,0,0.1,0.04,0,0.04,0.04,0.04,Matches,cf928adb
524,Kelyn Rowe,us USA,FWMF,Sporting KC,27,1991,14,7,693,7.7,0,1,0,0,0,2,0,0,0.13,0.13,0,0.13,2,2,0.4,2.4,0.26,0.05,0.31,0.26,0.31,Matches,cf928adb
525,Daniel Royer,at AUT,FW,NY Red Bulls,28,1990,31,26,2314,25.7,11,6,7,4,5,1,0,0.43,0.23,0.66,0.27,0.51,14.1,10.3,4.7,15,0.55,0.18,0.73,0.4,0.58,Matches,a92a4407
526,Ruan,br BRA,DF,Orlando City,23,1995,25,23,2097,23.3,0,4,0,0,0,1,0,0,0.17,0.17,0,0.17,0.9,0.9,4.4,5.2,0.04,0.19,0.22,0.04,0.22,Matches,f2665f7c
527,Diego Rubio,cl CHI,MFFW,Colorado Rapids,25,1993,26,25,2054,22.8,11,4,11,0,0,10,1,0.48,0.18,0.66,0.48,0.66,6.1,6.1,3.3,9.5,0.27,0.15,0.42,0.27,0.42,Matches,3f082234
528,Raúl Ruidíaz,pe PER,FW,Seattle,28,1990,22,20,1793,19.9,11,2,11,0,0,0,0,0.55,0.1,0.65,0.55,0.65,11.7,11.7,2.6,14.3,0.59,0.13,0.72,0.59,0.72,Matches,7a4296e1
529,Albert Rusnák,sk SVK,MFFW,Real Salt Lake,24,1994,29,28,2450,27.2,10,3,6,4,5,2,0,0.37,0.11,0.48,0.22,0.33,8.7,4.9,4.3,9.2,0.32,0.16,0.48,0.18,0.34,Matches,0adeafaa
530,Johnny Russell,sct SCO,FWMF,Sporting KC,28,1990,28,24,2113,23.5,9,6,9,0,0,1,0,0.38,0.26,0.64,0.38,0.64,6.1,6.1,7.2,13.2,0.26,0.31,0.56,0.26,0.56,Matches,a30e1562
531,Abdul Rwatubyaye,rw RWA,DF,Sporting KC,22,1996,2,1,165,1.8,0,0,0,0,0,1,0,0,0,0,0,0,0,0,0,0,0.02,0,0.02,0.02,0.02,Matches,7ca90a09
532,Marc Rzatkowski,de GER,MFFW,NY Red Bulls,28,1990,28,26,2315,25.7,2,3,2,0,0,4,0,0.08,0.12,0.19,0.08,0.19,2.2,2.2,4.8,7,0.08,0.19,0.27,0.08,0.27,Matches,491d3ad0
533,Bacary Sagna,fr FRA,DF,Montreal Impact,35,1983,26,25,2179,24.2,1,2,1,0,0,7,1,0.04,0.08,0.12,0.04,0.12,0.7,0.7,2.2,2.9,0.03,0.09,0.12,0.03,0.12,Matches,6ef56efd
534,Kenny Saief,us USA,FWMF,FC Cincinnati,25,1993,9,6,566,6.3,1,2,1,0,0,0,0,0.16,0.32,0.48,0.16,0.48,1,1,1.7,2.7,0.16,0.27,0.43,0.16,0.43,Matches,8821f471
535,Michael Salazar,bz BLZ,FWMF,Houston Dynamo,26,1992,7,1,159,1.8,0,0,0,0,0,0,0,0,0,0,0,0,0.1,0.1,0,0.1,0.07,0.01,0.08,0.07,0.08,Matches,dbab5aa7
536,Shea Salinas,us USA,MFDF,San Jose,32,1986,28,12,1345,14.9,6,3,6,0,0,3,0,0.4,0.2,0.6,0.4,0.6,4.9,4.9,3.3,8.2,0.33,0.22,0.55,0.33,0.55,Matches,4c10838d
537,Dániel Sallói,hu HUN,FWMF,Sporting KC,22,1996,28,16,1545,17.2,1,1,1,0,1,1,1,0.06,0.06,0.12,0.06,0.12,6.2,5.5,2.1,7.6,0.36,0.12,0.48,0.32,0.44,Matches,6fcddf5f
538,Ilie Sánchez,es ESP,MF,Sporting KC,28,1990,32,27,2510,27.9,2,4,1,1,1,7,1,0.07,0.14,0.22,0.04,0.18,2.2,1.5,2.2,3.6,0.08,0.08,0.16,0.05,0.13,Matches,72979f65
539,James Sands,us USA,DFMF,NYCFC,18,2000,19,18,1485,16.5,0,0,0,0,0,4,0,0,0,0,0,0,0.1,0.1,0.2,0.2,0,0.01,0.02,0,0.02,Matches,dccd127f
540,Lamine Sané,sn SEN,DF,Orlando City,31,1987,26,25,2275,25.3,0,0,0,0,0,4,0,0,0,0,0,0,0.5,0.5,0.3,0.8,0.02,0.01,0.03,0.02,0.03,Matches,125cb9fe
541,Harold Santiago Mosquera,co COL,FWMF,FC Dallas,23,1995,23,12,1173,13,3,1,3,0,0,0,0,0.23,0.08,0.31,0.23,0.31,2.6,2.6,1.7,4.3,0.2,0.13,0.33,0.2,0.33,Matches,bca135e8
542,Sergio Santos Gomes,br BRA,FWMF,Philadelphia,24,1994,17,5,626,7,4,1,4,0,0,2,0,0.58,0.14,0.72,0.58,0.72,3.8,3.8,0.4,4.2,0.54,0.06,0.6,0.54,0.6,Matches,a930b263
543,Pedro Santos,pt POR,FWMF,Columbus Crew,30,1988,33,30,2761,30.7,11,5,10,1,1,7,0,0.36,0.16,0.52,0.33,0.49,5.8,5,6,11,0.19,0.2,0.38,0.16,0.36,Matches,789da0f2
544,C.J. Sapong,us USA,FW,Chicago Fire,30,1988,32,29,2547,28.3,13,1,13,0,0,3,0,0.46,0.04,0.49,0.46,0.49,10.9,10.9,1.9,12.8,0.4,0.07,0.47,0.4,0.47,Matches,ef4e4c5d
545,Sebastián Saucedo,us USA,FWMF,Real Salt Lake,22,1997,26,13,1192,13.2,2,4,2,0,0,6,0,0.15,0.3,0.45,0.15,0.45,1.6,1.6,1.9,3.6,0.12,0.15,0.27,0.12,0.27,Matches,07aed9c9
546,Gastón Sauro,ar ARG,DF,Columbus Crew,28,1990,15,15,1284,14.3,2,0,2,0,0,4,0,0.14,0,0.14,0.14,0.14,0.8,0.8,0.7,1.5,0.06,0.05,0.11,0.06,0.11,Matches,636ca479
547,Jefferson Savarino,ve VEN,FWMF,Real Salt Lake,22,1996,28,27,2315,25.7,8,5,8,0,0,1,1,0.31,0.19,0.51,0.31,0.51,5.3,5.3,3.2,8.5,0.21,0.12,0.33,0.21,0.33,Matches,91721722
548,Tate Schmitt,us USA,FW,Real Salt Lake,21,1997,6,1,93,1,0,0,0,0,0,0,0,0,0,0,0,0,0,0,0,0,0,0,0,0,0,Matches,fa21bbc8
549,Rasmus Schüller,fi FIN,MFFW,Minnesota Utd,27,1991,15,11,921,10.2,0,0,0,0,0,1,0,0,0,0,0,0,1,1,0.5,1.4,0.09,0.05,0.14,0.09,0.14,Matches,0e624c72
550,Bastian Schweinsteiger,de GER,DFMF,Chicago Fire,34,1984,30,30,2675,29.7,1,3,1,0,0,10,0,0.03,0.1,0.13,0.03,0.13,1.1,1.1,1.6,2.7,0.04,0.06,0.09,0.04,0.09,Matches,ccc22fea
551,Eddie Segura,co COL,DF,Los Angeles FC,21,1997,34,33,2955,32.8,1,0,1,0,0,1,0,0.03,0,0.03,0.03,0.03,1.6,1.6,0.1,1.7,0.05,0,0.05,0.05,0.05,Matches,c70e3fe0
552,Ulises Segura,cr CRC,FWDF,D.C. United,25,1993,33,19,1791,19.9,3,2,3,0,0,1,0,0.15,0.1,0.25,0.15,0.25,2.6,2.6,2.5,5.1,0.13,0.12,0.25,0.13,0.25,Matches,23d2e1db
553,Chris Seitz,us USA,GK,D.C. United,31,1987,1,1,90,1,0,0,0,0,0,0,0,0,0,0,0,0,0,0,0,0,0,0,0,0,0,Matches,8b388dd5
554,Amar Sejdic,us USA,MF,Montreal Impact,22,1996,1,1,67,0.7,0,0,0,0,0,0,0,0,0,0,0,0,0,0,0,0,0,0.04,0.04,0,0.04,Matches,43ca2019
555,Dillon Serna,us USA,DFMF,Colorado Rapids,24,1994,14,6,586,6.5,0,0,0,0,0,0,0,0,0,0,0,0,0.4,0.4,0.3,0.7,0.07,0.05,0.11,0.07,0.11,Matches,c57a3d03
556,Brandon Servania,us USA,MF,FC Dallas,19,1999,18,13,1119,12.4,2,1,2,0,0,2,0,0.16,0.08,0.24,0.16,0.24,2.2,2.2,0.6,2.9,0.18,0.05,0.23,0.18,0.23,Matches,4d825a2d
557,Jacob Shaffelburg,ca CAN,MFFW,Toronto FC,19,1999,10,8,668,7.4,0,1,0,0,0,0,0,0,0.13,0.13,0,0.13,0.8,0.8,1,1.8,0.1,0.14,0.24,0.1,0.24,Matches,339a2561
558,Brek Shea,us USA,DF,Atlanta Utd,28,1990,19,10,911,10.1,0,1,0,0,0,0,0,0,0.1,0.1,0,0.1,0.5,0.5,2.5,3,0.05,0.24,0.29,0.05,0.29,Matches,adb6ae24
559,Andre Shinyashiki,br BRA,FWMF,Colorado Rapids,23,1995,31,18,1672,18.6,7,3,7,0,0,3,0,0.38,0.16,0.54,0.38,0.54,6.3,6.3,3.5,9.8,0.34,0.19,0.53,0.34,0.53,Matches,8c395868
560,Harry Shipp,us USA,FWMF,Seattle,27,1991,25,15,1382,15.4,5,1,5,0,0,1,0,0.33,0.07,0.39,0.33,0.39,2.6,2.6,1.1,3.6,0.17,0.07,0.24,0.17,0.24,Matches,77c62610
561,Shamit Shome,ca CAN,MF,Montreal Impact,21,1997,27,18,1626,18.1,1,1,1,0,0,3,0,0.06,0.06,0.11,0.06,0.11,1.9,1.9,0.8,2.7,0.1,0.05,0.15,0.1,0.15,Matches,94d98e8d
562,Danilo da Silva,br BRA,DF,Los Angeles FC,32,1986,5,2,225,2.5,0,0,0,0,0,1,0,0,0,0,0,0,0.2,0.2,0.1,0.3,0.06,0.05,0.11,0.06,0.11,Matches,1286ba63
563,Marcelo Silva,uy URU,DF,Real Salt Lake,29,1989,19,14,1345,14.9,2,0,2,0,0,3,1,0.13,0,0.13,0.13,0.13,0.4,0.4,0.2,0.6,0.03,0.01,0.04,0.03,0.04,Matches,b9596515
564,Josh Sims,eng ENG,FW,NY Red Bulls,21,1997,7,5,476,5.3,0,1,0,0,0,0,0,0,0.19,0.19,0,0.19,0.9,0.9,0.5,1.5,0.18,0.1,0.28,0.18,0.28,Matches,6d6f09dc
565,Seth Sinovic,us USA,DF,Sporting KC,32,1987,22,21,1908,21.2,0,1,0,0,0,4,0,0,0.05,0.05,0,0.05,0.3,0.3,0.5,0.8,0.01,0.02,0.04,0.01,0.04,Matches,55328176
566,Pablo Sisniega,mx MEX,GK,Los Angeles FC,23,1995,6,6,540,6,0,0,0,0,0,0,0,0,0,0,0,0,0,0,0,0,0,0,0,0,0,Matches,550557e1
567,Axel Sjöberg,se SWE,DF,Colorado Rapids,27,1991,7,5,435,4.8,0,0,0,0,0,0,1,0,0,0,0,0,0.3,0.3,0,0.3,0.06,0,0.06,0.06,0.06,Matches,d7eb2464
568,Jørgen Skjelvik,no NOR,DF,LA Galaxy,27,1991,20,19,1681,18.7,1,2,1,0,0,4,0,0.05,0.11,0.16,0.05,0.16,0.8,0.8,2.1,2.9,0.05,0.11,0.16,0.05,0.16,Matches,7bfd96fd
569,Brad Smith,au AUS,DF,Seattle,24,1994,25,22,1972,21.9,0,5,0,0,0,0,0,0,0.23,0.23,0,0.23,0.5,0.5,4.3,4.7,0.02,0.19,0.22,0.02,0.22,Matches,c76c717c
570,Graham Smith,us USA,DF,Sporting KC,23,1995,11,10,882,9.8,1,1,1,0,0,1,0,0.1,0.1,0.2,0.1,0.2,1,1,0.1,1.1,0.11,0.01,0.11,0.11,0.11,Matches,ae3330d0
571,Kyle Smith,us USA,DF,Orlando City,27,1992,23,15,1386,15.4,0,0,0,0,0,4,0,0,0,0,0,0,1.1,1.1,0.2,1.3,0.07,0.01,0.08,0.07,0.08,Matches,9e6b2ec3
572,Tommy Smith,nz NZL,DF,Colorado Rapids,28,1990,27,27,2413,26.8,3,2,3,0,0,3,1,0.11,0.07,0.19,0.11,0.19,3.2,3.2,0.4,3.6,0.12,0.02,0.14,0.12,0.14,Matches,26a48676
573,Eduardo Sosa,ve VEN,MFFW,Columbus Crew,21,1997,8,4,325,3.6,0,0,0,0,0,1,0,0,0,0,0,0,0.4,0.4,0.1,0.5,0.1,0.04,0.14,0.1,0.14,Matches,b799f70d
574,Caleb Stanko,us USA,MF,FC Cincinnati,25,1993,23,16,1439,16,0,0,0,0,0,3,0,0,0,0,0,0,0.4,0.4,0.5,0.8,0.02,0.03,0.05,0.02,0.05,Matches,381e52af
575,Zack Steffen,us USA,GK,Columbus Crew,23,1995,13,13,1170,13,0,0,0,0,0,0,0,0,0,0,0,0,0,0,0,0,0,0,0,0,0,Matches,42130443
576,Daniel Steres,us USA,DF,LA Galaxy,28,1990,30,30,2613,29,3,0,3,0,0,4,1,0.1,0,0.1,0.1,0.1,2.9,2.9,0.7,3.6,0.1,0.02,0.13,0.1,0.13,Matches,17c03c76
577,Zoltán Stieber,hu HUN,FWMF,D.C. United,30,1988,9,3,305,3.4,0,0,0,0,0,0,0,0,0,0,0,0,0.2,0.2,0.2,0.3,0.05,0.05,0.1,0.05,0.1,Matches,495b10e2
578,Aljaž Struna,si SVN,DF,Houston Dynamo,28,1990,29,29,2610,29,0,1,0,0,0,4,0,0,0.03,0.03,0,0.03,0.3,0.3,0.2,0.5,0.01,0.01,0.02,0.01,0.02,Matches,b82c2982
579,Brad Stuver,us USA,GK,NYCFC,27,1991,5,5,450,5,0,0,0,0,0,0,0,0,0,0,0,0,0,0,0.2,0.2,0,0.05,0.05,0,0.05,Matches,6a1940d5
580,Scott Sutter,ch SUI,DF,Vancouver,32,1986,16,9,983,10.9,1,0,1,0,0,0,0,0.09,0,0.09,0.09,0.09,0.3,0.3,0.7,1,0.03,0.06,0.09,0.03,0.09,Matches,b58f5f17
581,Gustav Svensson,se SWE,MF,Seattle,31,1987,22,21,1811,20.1,0,0,0,0,0,1,0,0,0,0,0,0,0.8,0.8,0.5,1.3,0.04,0.03,0.06,0.04,0.06,Matches,733713ef
582,Ben Sweat,us USA,DF,NYCFC,27,1991,18,13,1266,14.1,0,1,0,0,0,4,0,0,0.07,0.07,0,0.07,0.1,0.1,0.8,0.9,0.01,0.06,0.07,0.01,0.07,Matches,6937b1ac
583,Ballou Tabla,ca CAN,MFFW,Montreal Impact,19,1999,4,1,129,1.4,0,0,0,0,0,0,0,0,0,0,0,0,0.3,0.3,0,0.4,0.23,0.03,0.26,0.23,0.26,Matches,018bd079
584,Saphir Taïder,dz ALG,MFFW,Montreal Impact,26,1992,32,31,2726,30.3,9,7,4,5,5,2,0,0.3,0.23,0.53,0.13,0.36,8.6,4.8,5.3,10.1,0.28,0.18,0.46,0.16,0.33,Matches,a12d0c05
585,Ismael Tajouri-Shradi,ly LBY,FWMF,NYCFC,24,1994,19,11,935,10.4,5,3,5,0,0,1,0,0.48,0.29,0.77,0.48,0.77,1.2,1.2,1.9,3.1,0.12,0.18,0.29,0.12,0.29,Matches,ef4249ff
586,Amro Tarek,eg EGY,DF,NY Red Bulls,26,1992,20,19,1471,16.3,1,1,1,0,0,6,1,0.06,0.06,0.12,0.06,0.12,0.9,0.9,1.1,2.1,0.06,0.07,0.13,0.06,0.13,Matches,52c930c0
587,Russell Teibert,ca CAN,MF,Vancouver,26,1992,27,26,2194,24.4,0,3,0,0,0,1,0,0,0.12,0.12,0,0.12,0.4,0.4,1.6,2.1,0.02,0.07,0.08,0.02,0.08,Matches,674befe9
588,Ryan Telfer,tt TRI,MF,Toronto FC,24,1994,1,0,4,0,0,1,0,0,0,0,0,0,22.5,22.5,0,22.5,0,0,0.6,0.6,0,13.52,13.52,0,13.52,Matches,a5333872
589,Tommy Thompson,us USA,DF,San Jose,23,1995,30,28,2285,25.4,2,1,2,0,0,7,1,0.08,0.04,0.12,0.08,0.12,0.5,0.5,1.5,2,0.02,0.06,0.08,0.02,0.08,Matches,5f6c69d8
590,Anton Tinnerholm,se SWE,DF,NYCFC,27,1991,30,30,2631,29.2,1,7,1,0,0,4,0,0.03,0.24,0.27,0.03,0.27,3.2,3.2,3.1,6.3,0.11,0.11,0.22,0.11,0.22,Matches,0fe96099
591,Donny Toia,us USA,DF,Real Salt Lake,26,1992,24,24,2140,23.8,1,1,1,0,0,3,0,0.04,0.04,0.08,0.04,0.08,0.7,0.7,1.3,2,0.03,0.05,0.08,0.03,0.08,Matches,d286f965
592,Nouhou Tolo,cm CMR,DF,Seattle,21,1997,22,9,793,8.8,0,0,0,0,0,5,0,0,0,0,0,0,0.3,0.3,0.2,0.5,0.03,0.02,0.05,0.03,0.05,Matches,0796512f
593,Román Torres,pa PAN,DF,Seattle,32,1986,17,12,1132,12.6,1,0,1,0,0,2,0,0.08,0,0.08,0.08,0.08,1.8,1.8,0.1,1.9,0.14,0.01,0.15,0.14,0.15,Matches,9787f0ad
594,Mason Toye,us USA,FW,Minnesota Utd,20,1998,17,9,823,9.1,6,2,6,0,0,2,1,0.66,0.22,0.87,0.66,0.87,4,4,1.3,5.3,0.43,0.14,0.58,0.43,0.58,Matches,0aa41f67
595,Diedie Traoré,fr FRA,DF,LA Galaxy,20,1999,4,3,220,2.4,0,0,0,0,0,0,0,0,0,0,0,0,0,0,0.1,0.1,0,0.04,0.04,0,0.04,Matches,891c8d00
596,Wil Trapp,us USA,MF,Columbus Crew,26,1993,28,26,2330,25.9,0,3,0,0,0,5,0,0,0.12,0.12,0,0.12,0.1,0.1,1.5,1.6,0,0.06,0.06,0,0.06,Matches,9bf9391c
597,Auston Trusty,us USA,DF,Philadelphia,20,1998,22,22,1965,21.8,1,0,1,0,0,5,1,0.05,0,0.05,0.05,0.05,1,1,0.4,1.4,0.04,0.02,0.06,0.04,0.06,Matches,cddf767b
598,Bill Tuiloma,nz NZL,DF,Portland Timbers,23,1995,25,21,1920,21.3,1,0,1,0,0,1,0,0.05,0,0.05,0.05,0.05,1.5,1.5,0.1,1.6,0.07,0,0.07,0.07,0.07,Matches,bf547c54
599,Matt Turner,us USA,GK,New England,24,1994,20,20,1765,19.6,0,0,0,0,0,4,1,0,0,0,0,0,0,0,0,0,0,0,0,0,0,Matches,4a51ba65
600,Ema Twumasi,gh GHA,DFMF,FC Dallas,21,1997,2,0,29,0.3,0,0,0,0,0,0,0,0,0,0,0,0,0.1,0.1,0,0.1,0.41,0,0.41,0.41,0.41,Matches,9ca4b140
601,Przemyslaw Tyton,pl POL,GK,FC Cincinnati,32,1987,15,15,1350,15,0,0,0,0,0,0,0,0,0,0,0,0,0,0,0,0,0,0,0,0,0,Matches,1fa85681
602,Victor Ulloa,us USA,MF,FC Cincinnati,26,1992,26,22,1944,21.6,1,1,1,0,0,4,0,0.05,0.05,0.09,0.05,0.09,0.3,0.3,1.7,2,0.01,0.08,0.09,0.01,0.09,Matches,e7056f05
603,Maximiliano Urruti,ar ARG,FW,Montreal Impact,27,1991,31,27,2433,27,4,6,3,1,1,5,1,0.15,0.22,0.37,0.11,0.33,4.5,3.8,2.7,6.5,0.17,0.1,0.27,0.14,0.24,Matches,6c8fb474
604,Zarek Valentin,pr PUR,DF,Portland Timbers,27,1991,21,17,1625,18.1,0,0,0,0,0,5,0,0,0,0,0,0,0.1,0.1,0.5,0.5,0,0.03,0.03,0,0.03,Matches,f0d23e7b
605,Diego Valeri,ar ARG,MFFW,Portland Timbers,32,1986,31,29,2595,28.8,8,8,6,2,4,4,0,0.28,0.28,0.55,0.21,0.49,8.4,5.2,8.4,13.5,0.29,0.29,0.58,0.18,0.47,Matches,31da63ad
606,Florian Valot,fr FRA,MFFW,NY Red Bulls,25,1993,2,2,124,1.4,0,1,0,0,0,0,0,0,0.73,0.73,0,0.73,0,0,0.3,0.3,0,0.25,0.25,0,0.25,Matches,ad454d78
607,Peter-Lee Vassell,jm JAM,MF,Los Angeles FC,20,1998,6,2,181,2,0,0,0,0,0,0,0,0,0,0,0,0,0.4,0.4,0.6,1,0.2,0.29,0.49,0.2,0.49,Matches,f757c700
608,Brandon Vazquez,us USA,FW,Atlanta Utd,20,1998,11,7,638,7.1,2,1,1,1,1,1,0,0.28,0.14,0.42,0.14,0.28,3,2.3,1.1,3.4,0.43,0.16,0.59,0.32,0.48,Matches,c570cf22
609,Carlos Vela,mx MEX,FW,Los Angeles FC,29,1989,31,31,2723,30.3,34,10,25,9,11,1,0,1.12,0.33,1.45,0.83,1.16,25.2,16.8,11.4,28.2,0.83,0.38,1.21,0.55,0.93,Matches,e0cd04e0
610,Lucas Venuto,br BRA,FW,Vancouver,24,1995,22,12,1136,12.6,3,1,3,0,0,3,0,0.24,0.08,0.32,0.24,0.32,2,2,1.9,3.9,0.16,0.15,0.31,0.16,0.31,Matches,6be86f3d
611,Matías Vera,ar ARG,MF,Houston Dynamo,23,1995,30,30,2634,29.3,0,1,0,0,0,10,1,0,0.03,0.03,0,0.03,0.9,0.9,0.6,1.5,0.03,0.02,0.05,0.03,0.05,Matches,fe529f25
612,Jorge Villafaña,us USA,DF,Portland Timbers,29,1989,23,22,1943,21.6,0,4,0,0,0,0,0,0,0.19,0.19,0,0.19,0.4,0.4,2.2,2.7,0.02,0.1,0.12,0.02,0.12,Matches,32337fb2
613,Héctor Villalba,py PAR,FWMF,Atlanta Utd,24,1994,20,10,940,10.4,1,3,1,0,0,0,0,0.1,0.29,0.38,0.1,0.38,3.3,3.3,2.3,5.6,0.32,0.22,0.54,0.32,0.54,Matches,22aecad6
614,Sam Vines,us USA,DF,Colorado Rapids,19,1999,26,23,2151,23.9,0,0,0,0,0,2,0,0,0,0,0,0,0.2,0.2,0.4,0.6,0.01,0.02,0.02,0.01,0.02,Matches,2d6e535f
615,Kai Wagner,de GER,DF,Philadelphia,21,1997,30,30,2689,29.9,0,6,0,0,0,6,1,0,0.2,0.2,0,0.2,0.3,0.3,3.5,3.8,0.01,0.12,0.13,0.01,0.13,Matches,fdc715d9
616,Rodney Wallace,cr CRC,DF,Sporting KC,30,1988,1,1,26,0.3,0,0,0,0,0,0,0,0,0,0,0,0,0,0,0,0,0,0,0,0,0,Matches,4fe634dd
617,Akeem Ward,us USA,DF,D.C. United,23,1996,1,1,47,0.5,0,0,0,0,0,0,0,0,0,0,0,0,0,0,0,0,0,0,0,0,0,Matches,0e854aae
618,Kendall Waston,cr CRC,DF,FC Cincinnati,31,1988,25,24,2175,24.2,1,0,1,0,0,10,1,0.04,0,0.04,0.04,0.04,1.3,1.3,0.1,1.4,0.05,0.01,0.06,0.05,0.06,Matches,02ea59b0
619,Quentin Westberg,us USA,GK,Toronto FC,32,1986,28,28,2504,27.8,0,0,0,0,0,0,0,0,0,0,0,0,0,0,0,0,0,0,0,0,0,Matches,5480ae05
620,Brian White,us USA,FW,NY Red Bulls,22,1996,19,17,1336,14.8,8,1,8,0,0,1,0,0.54,0.07,0.61,0.54,0.61,6.4,6.4,1.1,7.5,0.43,0.07,0.51,0.43,0.51,Matches,54c948de
621,JJ Williams,us USA,FW,Columbus Crew,21,1998,7,3,327,3.6,0,0,0,0,0,0,0,0,0,0,0,0,0.7,0.7,0.1,0.8,0.2,0.03,0.22,0.2,0.22,Matches,d04dba18
622,Josh Williams,us USA,DF,Columbus Crew,30,1988,16,15,1278,14.2,2,0,2,0,0,2,0,0.14,0,0.14,0.14,0.14,0.6,0.6,0.1,0.7,0.04,0,0.05,0.04,0.05,Matches,06098bfc
623,Romario Williams,jm JAM,FWDF,Atlanta Utd,24,1994,2,0,39,0.4,0,0,0,0,0,0,0,0,0,0,0,0,0.1,0.1,0.2,0.3,0.19,0.45,0.64,0.19,0.64,Matches,d961761c
624,Romario Williams,jm JAM,FWMF,Columbus Crew,24,1994,7,1,127,1.4,1,0,1,0,0,0,0,0.71,0,0.71,0.71,0.71,0.5,0.5,0.4,0.9,0.33,0.29,0.62,0.33,0.62,Matches,d961761c
625,Eryk Williamson,us USA,MFFW,Portland Timbers,21,1997,7,3,234,2.6,0,0,0,0,0,1,0,0,0,0,0,0,0.6,0.6,0,0.6,0.25,0,0.25,0.25,0.25,Matches,e0364352
626,Joe Willis,us USA,GK,Houston Dynamo,30,1988,27,27,2430,27,0,0,0,0,0,0,0,0,0,0,0,0,0,0,0.3,0.3,0,0.01,0.01,0,0.01,Matches,467f09c8
627,Danny Wilson,sct SCO,MFDF,Colorado Rapids,27,1991,20,15,1328,14.8,2,1,2,0,0,4,0,0.14,0.07,0.2,0.14,0.2,2.1,2.1,0.3,2.4,0.14,0.02,0.16,0.14,0.16,Matches,9cfe9254
628,Henry Wingo,us USA,FW,Seattle,23,1995,6,2,202,2.2,0,0,0,0,0,0,0,0,0,0,0,0,0.1,0.1,0.5,0.6,0.04,0.2,0.25,0.04,0.25,Matches,0362c29e
629,Chris Wondolowski,us USA,FW,San Jose,36,1983,32,24,1977,22,15,2,15,0,0,3,1,0.68,0.09,0.77,0.68,0.77,14,14,1.9,15.9,0.64,0.09,0.72,0.64,0.72,Matches,37f46eda
630,Andrew Wooten,us USA,FW,Philadelphia,29,1989,7,4,352,3.9,0,0,0,0,0,0,0,0,0,0,0,0,1.3,1.3,0.2,1.5,0.33,0.05,0.39,0.33,0.39,Matches,dacc061c
631,Brian Wright,ca CAN,FWMF,New England,23,1995,2,0,12,0.1,0,0,0,0,0,0,0,0,0,0,0,0,0,0,0,0,0,0,0,0,0,Matches,9d44880d
632,Bradley Wright-Phillips,eng ENG,FW,NY Red Bulls,33,1985,24,9,1110,12.3,2,1,2,0,0,3,0,0.16,0.08,0.24,0.16,0.24,3.7,3.7,1.7,5.4,0.3,0.14,0.44,0.3,0.44,Matches,9bb42ab8
633,Deklan Wynne,nz NZL,DF,Colorado Rapids,23,1995,11,11,916,10.2,0,0,0,0,0,0,0,0,0,0,0,0,0,0,0.1,0.1,0,0.01,0.01,0,0.01,Matches,6088d2d9
634,Griffin Yow,us USA,FW,D.C. United,16,2002,2,1,58,0.6,0,0,0,0,0,0,0,0,0,0,0,0,0,0,0,0,0,0,0,0,0,Matches,ddd5cf39
635,Jackson Yueill,us USA,MF,San Jose,21,1997,32,29,2669,29.7,3,4,3,0,0,2,0,0.1,0.13,0.24,0.1,0.24,2.2,2.2,3.4,5.6,0.08,0.11,0.19,0.08,0.19,Matches,7dce16bf
636,Wilfried Zahibo,cf CTA,MF,New England,25,1993,24,18,1505,16.7,1,1,1,0,0,8,1,0.06,0.06,0.12,0.06,0.12,1.2,1.2,0.5,1.6,0.07,0.03,0.1,0.07,0.1,Matches,784ec3de
637,Renzo Zambrano,ve VEN,MF,Portland Timbers,24,1994,10,9,783,8.7,0,0,0,0,0,4,1,0,0,0,0,0,0.4,0.4,0.3,0.7,0.04,0.03,0.08,0.04,0.08,Matches,526bf96c
638,Gyasi Zardes,us USA,FW,Columbus Crew,27,1991,28,28,2473,27.5,13,2,10,3,3,0,0,0.47,0.07,0.55,0.36,0.44,13.8,11.5,2,13.5,0.5,0.07,0.57,0.42,0.49,Matches,09ae7f92
639,Eriq Zavaleta,sv SLV,DF,Toronto FC,26,1992,16,11,1017,11.3,0,0,0,0,0,3,1,0,0,0,0,0,0.2,0.2,0.1,0.3,0.02,0.01,0.03,0.02,0.03,Matches,edbfbb3f
640,Gedion Zelalem,us USA,MF,Sporting KC,22,1997,9,5,435,4.8,0,0,0,0,0,1,0,0,0,0,0,0,0.2,0.2,0.1,0.3,0.05,0.02,0.07,0.05,0.07,Matches,b15ac68f
641,Rodolfo Zelaya,sv SLV,FW,Los Angeles FC,30,1988,4,1,120,1.3,1,0,1,0,0,0,0,0.75,0,0.75,0.75,0.75,1,1,0.1,1,0.72,0.06,0.78,0.72,0.78,Matches,a2bffddb
642,Adrian Zendejas,mx MEX,GK,Sporting KC,23,1995,1,1,90,1,0,0,0,0,0,0,0,0,0,0,0,0,0,0,0,0,0,0,0,0,0,Matches,d52cd2a0
643,Reto Ziegler,ch SUI,DF,FC Dallas,33,1986,32,32,2880,32,5,0,1,4,5,6,0,0.16,0,0.16,0.03,0.03,5.3,1.5,0.4,1.9,0.17,0.01,0.18,0.05,0.06,Matches,facb3c57
644,Walker Zimmerman,us USA,DF,Los Angeles FC,25,1993,25,25,2165,24.1,1,0,1,0,0,8,1,0.04,0,0.04,0.04,0.04,1.1,1.1,0.4,1.5,0.05,0.02,0.06,0.05,0.06,Matches,220fa883
645,Ethan Zubak,us USA,MFFW,LA Galaxy,20,1998,3,0,43,0.5,0,0,0,0,0,0,0,0,0,0,0,0,0.7,0.7,0.1,0.8,1.44,0.26,1.7,1.44,1.7,Matches,9f39b6cf
646,Graham Zusi,us USA,DF,Sporting KC,32,1986,27,26,2351,26.1,0,1,0,0,0,5,0,0,0.04,0.04,0,0.04,1.3,1.3,3.9,5.2,0.05,0.15,0.2,0.05,0.2,Matches,9ba42447
